sep=,
ID, Date, Object, InitPosX, InitPosY, InitPosZ, InitRotW, InitRotX, InitRotY, InitRotZ, TargetPosX, TargetPosY, TargetPosZ, TargetRotW, TargetRotX, TargetRotY, TargetRotZ, Success
ABLE-1, 3/11/2021 11:34:56 AM, Stick, -0.3124171, 0.8742619, 0.410506, -0.7070984, 0.003467599, 0.003467599, -0.7070984, 0.4155482, 1.360324, 0.3598925, -0.9999881, 0, 0.004903926, 0, 0

Time, HandPosX, HandPosY, HandPosZ, HandRotW, HandRotX, HandRotY, HandRotZ, ObjPosX, ObjPosY, ObjPosZ, ObjRotW, ObjRotX, ObjRotY, ObjRotZ, Control, ForceThumb, ForceIndex, ForceMiddle, ForceRing, ForceLittle
0.0237587, -0.007484585, 1.087978, 0.1752641, 0.7479086, -0.217323, 0.4331223, -0.4536612, -0.312362, 0.8744719, 0.4103528, -0.7070979, 0.003556612, 0.003556612, -0.7070979, 0, 0, 0, 0, 0, 0
0.0509783, -0.00773631, 1.081062, 0.173576, 0.7478462, -0.2118326, 0.4378955, -0.451775, -0.3122577, 0.877481, 0.4104145, -0.7073618, 0.004160966, 0.003982588, -0.7068284, 0, 0, 0, 0, 0, 0
0.0797956, -0.008152097, 1.075826, 0.1726929, 0.7466758, -0.2074295, 0.4429896, -0.4507867, -0.3124101, 0.8778431, 0.410607, -0.7068963, 0.002892832, 0.002913549, -0.7073054, 0, 0, 0, 0, 0, 0
0.1097667, -0.00789097, 1.06918, 0.1701944, 0.7467054, -0.2008055, 0.4484078, -0.4483735, -0.3125704, 0.8778033, 0.4105149, -0.7069435, 0.001908108, 0.00199542, -0.7072648, 0, 0, 0, 0, 0, 0
0.1375092, -0.008069485, 1.053206, 0.1630237, 0.7543783, -0.1890038, 0.4531289, -0.4357353, -0.3124092, 0.8776204, 0.4103394, -0.707128, 0.0009266227, 0.0009311577, -0.7070844, 0, 0, 0, 0, 0, 53.41068
0.1631874, -0.005509168, 1.047173, 0.1607799, 0.7551063, -0.1846436, 0.4589623, -0.4302032, -0.3124544, 0.8775177, 0.4103119, -0.7071541, 0.0002463828, 0.0002299109, -0.7070594, 0, 0, 0, 0, 111.932, 202.7229
0.1884589, -0.002167672, 1.048577, 0.1606293, 0.7492707, -0.1854322, 0.4661087, -0.4323784, -0.312378, 0.8775211, 0.4103643, -0.7071076, -0.0008040173, -0.0008016156, -0.7071051, 0, 0, 0, 36.99238, 235.5702, 0
0.2136266, -0.0005688071, 1.052812, 0.1605582, 0.7436017, -0.186587, 0.4696703, -0.4377803, -0.3124108, 0.8774071, 0.4103026, -0.7070661, -0.002605718, -0.002109231, -0.7071394, 0, 0, 0, 0, 186.3895, 0
0.239417, 0.002274126, 1.052254, 0.1597418, 0.7431457, -0.1850767, 0.4724509, -0.436201, -0.3122632, 0.8775657, 0.4102685, -0.707111, -0.002569249, -0.00229128, -0.7070943, 0, 0, 0, 0, 158.0778, 0
0.2679851, 0.003677726, 1.05189, 0.1569243, 0.7471285, -0.1861239, 0.4695395, -0.4320759, -0.3123118, 0.8775723, 0.4102863, -0.7071198, -0.002472126, -0.002555085, -0.7070849, 0, 0, 0, 0, 183.2394, 0
0.2962315, 0.01104569, 1.06094, 0.1542971, 0.7459697, -0.1955313, 0.4676959, -0.4319227, -0.3124145, 0.8776344, 0.4104901, -0.7071121, -0.00310687, -0.003128959, -0.7070878, 0, 0, 0, 9.242605, 0, 0
0.3203776, 0.01539536, 1.073001, 0.1564677, 0.7378451, -0.2042511, 0.4684335, -0.4409492, -0.3123433, 0.8775513, 0.4105265, -0.7070951, -0.003700422, -0.003681137, -0.7070993, 0, 0, 0, 0, 103.836, 146.879
0.3560203, 0.01911435, 1.087032, 0.157545, 0.7297475, -0.2122758, 0.468574, -0.4503842, -0.3122874, 0.8774734, 0.4104119, -0.7070865, -0.004633368, -0.004626304, -0.7070968, 0, 0, 0, 0, 0, 137.2959
0.3825421, 0.02666146, 1.107335, 0.1548844, 0.7255731, -0.2283178, 0.4607548, -0.457296, -0.3123462, 0.8776789, 0.4103385, -0.7070879, -0.00521278, -0.005207774, -0.7070873, 0, 0, 0, 0, 0, 0
0.4065745, 0.03104261, 1.115714, 0.1514602, 0.7281764, -0.2382588, 0.4532007, -0.4556326, -0.3125216, 0.8777111, 0.4103516, -0.7070854, -0.005712021, -0.005705788, -0.707082, 0, 0, 0, 0, 0, 0
0.4355713, 0.03414693, 1.126067, 0.1476735, 0.7286445, -0.2478557, 0.4452482, -0.4576012, -0.3123726, 0.8774352, 0.4103889, -0.7070759, -0.006551622, -0.006545444, -0.7070771, 0, 0, 0, 0, 0, 0
0.461827, 0.03944899, 1.144074, 0.1416672, 0.7264201, -0.2625479, 0.4346702, -0.4630814, -0.3123961, 0.8774254, 0.4105624, -0.7070707, -0.007026429, -0.007019193, -0.7070732, 0, 0, 0, 0, 0, 0
0.4858932, 0.03944889, 1.144074, 0.1416673, 0.7264201, -0.2625477, 0.4346702, -0.4630815, -0.3123983, 0.8774254, 0.4105524, -0.7070658, -0.00752703, -0.007520895, -0.7070678, 0, 0, 0, 0, 0, 0
0.5259196, 0.04593535, 1.163728, 0.1377201, 0.7192656, -0.2755484, 0.4293298, -0.4715993, -0.3125578, 0.8775797, 0.4105244, -0.7070534, -0.008649861, -0.008643422, -0.7070544, 0, 0, 0, 0, 0, 0
0.5536605, 0.05255659, 1.18108, 0.1319115, 0.7135825, -0.2881541, 0.4236735, -0.477774, -0.3124925, 0.8775902, 0.4103119, -0.7070482, -0.009061141, -0.009054458, -0.7070493, 0, 0, 0, 0, 0, 0
0.5777081, 0.05918933, 1.198432, 0.1255555, 0.7080613, -0.3011049, 0.4186356, -0.4824202, -0.3125332, 0.8777092, 0.4101884, -0.7070379, -0.009831262, -0.009825111, -0.7070392, 0, 0, 0, 0, 0, 0
0.6062369, 0.06504841, 1.212977, 0.1183133, 0.7040162, -0.3117899, 0.414312, -0.4852771, -0.3122831, 0.8776233, 0.4101979, -0.7070321, -0.01024484, -0.01023768, -0.7070332, 0, 0, 0, 0, 0, 0
0.6370589, 0.07104313, 1.22669, 0.1108339, 0.6993651, -0.3208841, 0.4111312, -0.4887667, -0.3124113, 0.8777475, 0.4103483, -0.7070208, -0.01097734, -0.01097044, -0.7070226, 0, 0, 0, 0, 0, 0
0.6705624, 0.07542703, 1.239817, 0.1022439, 0.6947417, -0.3301304, 0.4074953, -0.4922352, -0.3123949, 0.8775985, 0.4103334, -0.70701, -0.01167048, -0.0116646, -0.7070111, 0, 0, 0, 0, 0, 0
0.7045444, 0.0801392, 1.251312, 0.0926564, 0.6901429, -0.3384713, 0.4034183, -0.4963806, -0.3123336, 0.8774197, 0.4101996, -0.7069969, -0.01243995, -0.01243279, -0.706998, 0, 0, 0, 0, 0, 0
0.7385333, 0.08548781, 1.261826, 0.08487689, 0.6852093, -0.3449216, 0.402562, -0.4994611, -0.3124599, 0.8775125, 0.4102203, -0.7069826, -0.01320797, -0.01320161, -0.7069844, 0, 0, 0, 0, 0, 0
0.7750642, 0.09048535, 1.268784, 0.07553516, 0.682321, -0.3496225, 0.401661, -0.5008699, -0.3123696, 0.8774257, 0.4101043, -0.7069691, -0.01391795, -0.01391088, -0.7069705, 0, 0, 0, 0, 0, 0
0.8039252, 0.09444632, 1.275855, 0.06608078, 0.6800928, -0.3545461, 0.3991048, -0.50248, -0.3124936, 0.8773189, 0.4100153, -0.706955, -0.01461577, -0.01460948, -0.7069565, 0, 0, 0, 0, 0, 0
0.8372952, 0.0989674, 1.278472, 0.05886781, 0.6811901, -0.3585629, 0.3974235, -0.4994669, -0.3124383, 0.8772647, 0.4100086, -0.7069395, -0.01535664, -0.01534989, -0.7069407, 0, 0, 0, 0, 0, 0
0.8705152, 0.1030313, 1.277025, 0.05028346, 0.6846313, -0.3606581, 0.3962731, -0.494139, -0.3124181, 0.8772836, 0.4099999, -0.7069243, -0.01603645, -0.01603046, -0.7069257, 0, 0, 0, 0, 0, 0
0.9137592, 0.1069171, 1.279693, 0.04311122, 0.6830734, -0.3642589, 0.3944879, -0.4950812, -0.3125622, 0.8773253, 0.4100155, -0.7068983, -0.01714492, -0.01713914, -0.7068996, 0, 0, 0, 0, 0, 0
0.9442263, 0.1110487, 1.278663, 0.03611729, 0.6823879, -0.3645241, 0.396239, -0.4944325, -0.3122549, 0.877305, 0.4099369, -0.7068805, -0.01786843, -0.01786171, -0.7068818, 0, 0, 0, 0, 0, 0
0.9710959, 0.1144595, 1.278845, 0.03012386, 0.6812415, -0.3659196, 0.3961912, -0.4950204, -0.3123104, 0.8771775, 0.4100551, -0.7068692, -0.01830385, -0.01829713, -0.7068706, 0, 0, 0, 0, 0, 0
1.004143, 0.1188723, 1.275974, 0.0243775, 0.6812139, -0.3645567, 0.399688, -0.49325, -0.312471, 0.8773523, 0.4099265, -0.7068489, -0.01907364, -0.01906737, -0.7068504, 0, 0, 0, 0, 0, 0
1.036456, 0.1233679, 1.273027, 0.0208779, 0.6793988, -0.3628793, 0.405575, -0.4921837, -0.3125516, 0.8775673, 0.4100947, -0.7068249, -0.01994633, -0.01993953, -0.7068261, 0, 0, 0, 0, 0, 0
1.070764, 0.1266207, 1.271028, 0.01705471, 0.6781176, -0.3613845, 0.4096484, -0.4916765, -0.3124513, 0.8775377, 0.410205, -0.7068062, -0.02059259, -0.02058644, -0.7068078, 0, 0, 0, 0, 0, 0
1.106674, 0.1295025, 1.270085, 0.01309928, 0.6762133, -0.3606813, 0.4122951, -0.4926027, -0.3126323, 0.8776608, 0.4100621, -0.706784, -0.02135119, -0.02134438, -0.7067851, 0, 0, 0, 0, 0, 0
1.136756, 0.1329331, 1.270134, 0.01121274, 0.6717252, -0.3591031, 0.4177722, -0.4952742, -0.3125565, 0.8775206, 0.4100233, -0.7067604, -0.02211878, -0.02211295, -0.7067613, 0, 0, 0, 0, 0, 0
1.163127, 0.1345754, 1.269194, 0.007902205, 0.6699392, -0.3582282, 0.4203784, -0.4961209, -0.3125401, 0.8775475, 0.4099492, -0.7067429, -0.02266779, -0.02266074, -0.706744, 0, 0, 0, 0, 0, 0
1.18761, 0.1359286, 1.269308, 0.006123066, 0.6689954, -0.3589658, 0.4212316, -0.4961379, -0.3126339, 0.8775365, 0.4098534, -0.7067162, -0.02348312, -0.02347579, -0.7067177, 0, 0, 0, 0, 0, 0
1.212474, 0.1374448, 1.269329, 0.005359799, 0.6673946, -0.3591352, 0.4229535, -0.4967057, -0.3126105, 0.8774357, 0.4098473, -0.7066981, -0.02402031, -0.02401336, -0.7066996, 0, 0, 0, 0, 0, 0
1.237959, 0.1388015, 1.268362, 0.004172564, 0.6663997, -0.3584345, 0.4250672, -0.4967434, -0.3124867, 0.8772421, 0.4099125, -0.7066813, -0.02451332, -0.02450655, -0.7066826, 0, 0, 0, 0, 0, 0
1.265463, 0.1407222, 1.269398, 0.003409386, 0.6631739, -0.358281, 0.4279298, -0.4987095, -0.3124053, 0.877281, 0.4099529, -0.7066577, -0.02518296, -0.02517688, -0.706659, 0, 0, 0, 0, 0, 0
1.291338, 0.1441792, 1.272768, 0.003410041, 0.6568605, -0.358992, 0.4323832, -0.5026967, -0.3125551, 0.8776934, 0.4101874, -0.7066365, -0.02577393, -0.02576679, -0.7066376, 0, 0, 0, 0, 0, 0
1.316531, 0.1449557, 1.273449, 0.00266993, 0.6546245, -0.3586837, 0.4343703, -0.5041183, -0.312548, 0.8774981, 0.4100899, -0.7066167, -0.02631141, -0.02630394, -0.7066178, 0, 0, 0, 0, 0, 0
1.340948, 0.1459367, 1.275514, 0.001412958, 0.651314, -0.359802, 0.4354622, -0.5066609, -0.3125764, 0.8775899, 0.4100438, -0.7065971, -0.0268326, -0.02682546, -0.706598, 0, 0, 0, 0, 0, 0
1.372071, 0.1472137, 1.277205, 0.000518322, 0.6481731, -0.3599383, 0.4372908, -0.5090117, -0.3125448, 0.877526, 0.4101591, -0.7065688, -0.02756569, -0.0275592, -0.7065701, 0, 0, 0, 0, 0, 0
1.398157, 0.1477706, 1.278403, -0.002275914, 0.6450869, -0.3597165, 0.4388559, -0.5117347, -0.312585, 0.8774936, 0.4100623, -0.7065485, -0.02808224, -0.02807499, -0.7065496, 0, 0, 0, 0, 0, 0
1.425933, 0.148055, 1.278107, -0.003977656, 0.6445684, -0.359149, 0.4392941, -0.5124102, -0.3124309, 0.877692, 0.410111, -0.706519, -0.02881308, -0.02880632, -0.7065203, 0, 0, 0, 0, 0, 0
1.451484, 0.1483355, 1.278076, -0.005564243, 0.6431844, -0.3587455, 0.4399386, -0.5138772, -0.3124323, 0.8774626, 0.409911, -0.7064981, -0.02932245, -0.02931589, -0.7064992, 0, 0, 0, 0, 0, 0
1.476966, 0.1492938, 1.277152, -0.006891638, 0.6425535, -0.3592125, 0.4412757, -0.5131931, -0.3125782, 0.877429, 0.4099359, -0.7064685, -0.03002673, -0.0300207, -0.7064698, 0, 0, 0, 0, 0, 0
1.501953, 0.1499686, 1.277087, -0.008366346, 0.6416211, -0.3599975, 0.4419152, -0.5132592, -0.3126929, 0.8773518, 0.4097401, -0.7064451, -0.03057882, -0.03057179, -0.7064459, 0, 0, 0, 0, 0, 0
1.525792, 0.1505128, 1.27656, -0.01002863, 0.6415291, -0.3600371, 0.4421784, -0.5131198, -0.3124904, 0.8773625, 0.4098373, -0.7064245, -0.03104569, -0.03103824, -0.7064257, 0, 0, 0, 0, 0, 0
1.551408, 0.1509241, 1.276852, -0.0115582, 0.6395488, -0.3584762, 0.4444233, -0.5147428, -0.3125793, 0.8775437, 0.4101759, -0.706403, -0.03152956, -0.03152242, -0.7064044, 0, 0, 0, 0, 0, 0
1.580745, 0.1526749, 1.280323, -0.0144985, 0.6315861, -0.3568544, 0.451504, -0.5195172, -0.3125673, 0.8773906, 0.4100348, -0.7063664, -0.03233435, -0.0323279, -0.7063682, 0, 0, 0, 0, 0, 0
1.606081, 0.1519824, 1.283351, -0.01654935, 0.6270877, -0.3560544, 0.4534422, -0.5238097, -0.312564, 0.8775299, 0.4100974, -0.7063456, -0.03279443, -0.03278722, -0.7063466, 0, 0, 0, 0, 0, 0
1.629303, 0.1520885, 1.286402, -0.01868775, 0.6215302, -0.3557178, 0.4565704, -0.5279286, -0.3125458, 0.8776017, 0.4101678, -0.7063216, -0.03330856, -0.03330089, -0.7063226, 0, 0, 0, 0, 0, 0
1.653761, 0.1535855, 1.289829, -0.02021098, 0.6150926, -0.3574387, 0.4599201, -0.5313871, -0.312673, 0.8776405, 0.4099762, -0.7062941, -0.03388223, -0.03387489, -0.7062953, 0, 0, 0, 0, 0, 0
1.680046, 0.1545906, 1.292838, -0.02148932, 0.6085356, -0.3587804, 0.4641865, -0.5343143, -0.3125598, 0.8774961, 0.4098325, -0.7062581, -0.0346241, -0.03461741, -0.7062595, 0, 0, 0, 0, 0, 0
1.706289, 0.1543103, 1.296519, -0.02371165, 0.6015653, -0.3597057, 0.4672354, -0.5389082, -0.3124056, 0.8775785, 0.4098741, -0.7062366, -0.0350653, -0.03505855, -0.7062375, 0, 0, 0, 0, 0, 0
1.734463, 0.1562543, 1.304473, -0.02567846, 0.5865558, -0.3618146, 0.4749609, -0.5472245, -0.3126796, 0.8777432, 0.409813, -0.7061998, -0.03579492, -0.03578847, -0.7062009, 0, 0, 0, 0, 0, 0
1.761388, 0.1578811, 1.304263, -0.02549651, 0.5824858, -0.3614551, 0.4809577, -0.5465715, -0.3126393, 0.8775859, 0.4094948, -0.7061777, -0.03622968, -0.03622243, -0.7061787, 0, 0, 0, 0, 0, 0
1.788214, 0.156833, 1.305296, -0.02728868, 0.5774963, -0.3621438, 0.4855147, -0.5473806, -0.3126687, 0.8777466, 0.4098162, -0.7061402, -0.03695152, -0.03694458, -0.7061415, 0, 0, 0, 0, 0, 0
1.814029, 0.1568331, 1.305296, -0.02728868, 0.5774963, -0.3621436, 0.4855148, -0.5473804, -0.3126715, 0.8777466, 0.4098066, -0.7061145, -0.03744056, -0.03743532, -0.7061156, 0, 0, 0, 0, 0, 0
1.838458, 0.1565641, 1.308734, -0.02910236, 0.5680821, -0.3648933, 0.490168, -0.551245, -0.3126836, 0.8777163, 0.4098592, -0.706087, -0.03795987, -0.03795291, -0.7060877, 0, 0, 0, 0, 0, 0
1.870612, 0.1551027, 1.310428, -0.02914298, 0.5582545, -0.3662198, 0.4965835, -0.5546528, -0.3126084, 0.8774307, 0.4098873, -0.7060437, -0.03875164, -0.03874457, -0.706045, 0, 0, 0, 0, 0, 0
1.905718, 0.1495647, 1.307827, -0.0294669, 0.5566416, -0.3676697, 0.4996207, -0.5525833, -0.3126416, 0.8775003, 0.4098312, -0.706005, -0.03945118, -0.0394453, -0.7060062, 0, 0, 0, 0, 0, 0
1.936533, 0.14228, 1.305114, -0.03027233, 0.5568978, -0.3685472, 0.5007175, -0.5507447, -0.3126205, 0.8775688, 0.4097537, -0.7059665, -0.04013624, -0.04012945, -0.7059676, 0, 0, 0, 0, 0, 0
1.970174, 0.1339546, 1.300045, -0.03095216, 0.5565218, -0.3649075, 0.5052186, -0.5494364, -0.3125073, 0.8774226, 0.4096369, -0.705925, -0.04086125, -0.04085493, -0.7059258, 0, 0, 0, 0, 0, 0
2.004435, 0.1265634, 1.298074, -0.03082773, 0.5506696, -0.3607431, 0.5106184, -0.553079, -0.3124239, 0.8774087, 0.4095778, -0.7058792, -0.04164187, -0.04163506, -0.7058805, 0, 0, 0, 0, 0, 0
2.03742, 0.1164824, 1.292403, -0.03131276, 0.5532987, -0.3581838, 0.5130756, -0.549835, -0.3123457, 0.8773518, 0.4096446, -0.7058385, -0.04232537, -0.04231936, -0.7058398, 0, 0, 0, 0, 0, 0
2.073515, 0.1046152, 1.283383, -0.03314802, 0.562499, -0.3576562, 0.5118212, -0.5419558, -0.3126562, 0.8775225, 0.4095623, -0.7057962, -0.04302736, -0.04302052, -0.7057971, 0, 0, 0, 0, 0, 0
2.102871, 0.09415986, 1.274662, -0.03455237, 0.5688097, -0.3547277, 0.513887, -0.5352979, -0.3127602, 0.8776314, 0.4098215, -0.7057488, -0.04379736, -0.04379096, -0.7057499, 0, 0, 0, 0, 0, 0
2.136828, 0.08373057, 1.266064, -0.03701118, 0.5735487, -0.352331, 0.5153586, -0.530387, -0.3127676, 0.8775828, 0.4096925, -0.7057026, -0.0445359, -0.04452896, -0.7057036, 0, 0, 0, 0, 0, 0
2.169727, 0.07692064, 1.26279, -0.0383043, 0.5686724, -0.3522961, 0.5199372, -0.5311916, -0.3126202, 0.8776548, 0.4098494, -0.7056565, -0.04526011, -0.04525352, -0.7056576, 0, 0, 0, 0, 0, 0
2.203053, 0.06887385, 1.25788, -0.0389787, 0.5684539, -0.3491309, 0.5240488, -0.5294721, -0.3125874, 0.8777549, 0.4096322, -0.705606, -0.04604378, -0.04603777, -0.7056067, 0, 0, 0, 0, 0, 0
2.240859, 0.06276327, 1.251408, -0.03875375, 0.5657551, -0.3446122, 0.5314816, -0.5279118, -0.3127127, 0.877842, 0.4094813, -0.7055553, -0.04681033, -0.04680349, -0.7055565, 0, 0, 0, 0, 0, 0
2.269763, 0.05628666, 1.245764, -0.03886145, 0.5660322, -0.3423924, 0.5376248, -0.522814, -0.3124863, 0.8776445, 0.4096401, -0.7055112, -0.04747228, -0.04746564, -0.7055122, 0, 0, 0, 0, 0, 0
2.302739, 0.05128761, 1.242694, -0.03771397, 0.5638059, -0.3400951, 0.5427514, -0.5214203, -0.3125789, 0.8776078, 0.4097183, -0.705466, -0.0481415, -0.04813522, -0.7054667, 0, 0, 0, 0, 0, 0
2.3363, 0.04939629, 1.239136, -0.03697938, 0.5582291, -0.3383425, 0.5500522, -0.5209101, -0.3127849, 0.8777463, 0.4095479, -0.7054029, -0.04905506, -0.04904815, -0.7054039, 0, 0, 0, 0, 0, 0
2.36972, 0.04976261, 1.242677, -0.03655887, 0.547775, -0.3431135, 0.5551012, -0.523525, -0.3128431, 0.8775034, 0.409595, -0.7053539, -0.04975465, -0.04974839, -0.7053549, 0, 0, 0, 0, 0, 0
2.407301, 0.04911404, 1.237951, -0.0359894, 0.5462197, -0.3405882, 0.5621712, -0.5192372, -0.3125675, 0.8773881, 0.4095818, -0.7053072, -0.0504141, -0.05040708, -0.705308, 0, 0, 0, 0, 0, 0
2.4378, 0.05039957, 1.237398, -0.03627753, 0.5403236, -0.3426867, 0.5679014, -0.5177881, -0.3125863, 0.8772662, 0.4096484, -0.705255, -0.05113794, -0.05113189, -0.705256, 0, 0, 0, 0, 0, 0
2.469744, 0.04889095, 1.24459, -0.03589034, 0.5301251, -0.3442961, 0.5701461, -0.5247485, -0.3125742, 0.8775674, 0.409405, -0.7052007, -0.05188268, -0.05187525, -0.7052016, 0, 0, 0, 0, 0, 0
2.502374, 0.04612653, 1.237236, -0.03547609, 0.5375229, -0.3450518, 0.5736119, -0.5128137, -0.3126465, 0.8776178, 0.4092204, -0.7051493, -0.05257673, -0.05256954, -0.7051501, 0, 0, 0, 0, 0, 0
2.527723, 0.04462639, 1.242317, -0.03431273, 0.5355878, -0.3557475, 0.5687176, -0.5129812, -0.3127592, 0.8776515, 0.4094898, -0.7051171, -0.05300617, -0.05299912, -0.7051181, 0, 0, 0, 0, 0, 0
2.56192, 0.04458503, 1.237817, -0.03503543, 0.5368217, -0.3536, 0.5734131, -0.5079243, -0.3128629, 0.8776236, 0.4094462, -0.7050598, -0.05376373, -0.05375698, -0.7050607, 0, 0, 0, 0, 0, 0
2.594169, 0.04136936, 1.240049, -0.03495264, 0.5342746, -0.3590782, 0.5745416, -0.5054855, -0.3127289, 0.8775661, 0.4093486, -0.7049972, -0.05457798, -0.05457211, -0.704998, 0, 0, 0, 0, 0, 0
2.619175, 0.04040589, 1.242003, -0.03503191, 0.5311757, -0.3621558, 0.5753144, -0.5056767, -0.3126646, 0.8774416, 0.4093584, -0.7049578, -0.05508488, -0.05507774, -0.7049586, 0, 0, 0, 0, 0, 0
2.644512, 0.03982903, 1.240797, -0.03538209, 0.5308303, -0.362047, 0.5771445, -0.5040293, -0.3127348, 0.87763, 0.4094005, -0.7049013, -0.05579999, -0.05579272, -0.7049026, 0, 0, 0, 0, 0, 0
2.669195, 0.03886559, 1.240459, -0.03567767, 0.5308484, -0.3636725, 0.5779413, -0.5019224, -0.3128413, 0.8775103, 0.4094673, -0.7048614, -0.05630291, -0.05629605, -0.7048625, 0, 0, 0, 0, 0, 0
2.694129, 0.03713355, 1.238142, -0.03638613, 0.5324107, -0.3636344, 0.5798373, -0.4980941, -0.3127951, 0.8775064, 0.409521, -0.7048439, -0.05636394, -0.05639987, -0.7048668, 0, 0, 0, 0, 0, 0
2.720968, 0.03593371, 1.242978, -0.0372279, 0.5251778, -0.3704954, 0.5807866, -0.4996084, -0.3126587, 0.8775837, 0.4093298, -0.7048515, -0.05639748, -0.05640331, -0.7048564, 0, 0, 0, 0, 0, 0
2.746608, 0.03641806, 1.244377, -0.03774697, 0.5198516, -0.3712695, 0.5840715, -0.5007732, -0.312607, 0.877482, 0.4094451, -0.7048603, -0.05634151, -0.05632138, -0.7048585, 0, 0, 0, 0, 0, 0
2.776549, 0.03767762, 1.241163, -0.03882876, 0.5187043, -0.3709199, 0.5897344, -0.4955578, -0.312749, 0.8776412, 0.4093961, -0.704856, -0.05636305, -0.0563539, -0.7048585, 0, 0, 0, 0, 0, 0
2.801997, 0.03562981, 1.239475, -0.03896102, 0.5203814, -0.3704297, 0.5915262, -0.4920181, -0.3128003, 0.8776352, 0.4094402, -0.7048645, -0.05626287, -0.05625604, -0.7048659, 0, 0, 0, 0, 0, 0
2.826547, 0.03524663, 1.237067, -0.03865606, 0.5216919, -0.3720097, 0.593274, -0.4873113, -0.3127936, 0.8775775, 0.4094045, -0.7048684, -0.05622091, -0.05621367, -0.7048687, 0, 0, 0, 0, 0, 0
2.852145, 0.03634369, 1.230972, -0.03990442, 0.5051998, -0.3448422, 0.6177452, -0.4942145, -0.3126273, 0.8773708, 0.4092472, -0.7048783, -0.05609531, -0.05608767, -0.7048789, 0, 0, 0, 0, 0, 0
2.879338, 0.03709108, 1.239056, -0.04220259, 0.4953822, -0.3562074, 0.6154035, -0.4989902, -0.3126385, 0.8774534, 0.4097294, -0.7048852, -0.05600319, -0.05599532, -0.7048866, 0, 0, 0, 0, 0, 0
2.904596, 0.04062219, 1.239413, -0.04215848, 0.4896903, -0.3624939, 0.6201673, -0.49416, -0.3125798, 0.8774765, 0.4097805, -0.7048877, -0.05597543, -0.05596761, -0.7048886, 0, 0, 0, 0, 0, 0
2.930073, 0.03707879, 1.238786, -0.04203302, 0.4888824, -0.3587975, 0.622183, -0.4951228, -0.3124895, 0.877702, 0.4095484, -0.7048911, -0.05593101, -0.05592324, -0.7048922, 0, 0, 0, 0, 0, 0
2.954454, 0.03241844, 1.243678, -0.04187053, 0.487776, -0.3609716, 0.6161873, -0.5020831, -0.3126708, 0.8776515, 0.4094123, -0.7049031, -0.05577693, -0.0557691, -0.7049046, 0, 0, 0, 0, 0, 0
2.980279, 0.02142867, 1.239296, -0.04392985, 0.5018306, -0.3569661, 0.6098653, -0.4988042, -0.3126768, 0.8775952, 0.4095902, -0.7049099, -0.0556936, -0.05568584, -0.704911, 0, 0, 0, 0, 0, 0
3.004825, 0.01606349, 1.234076, -0.04481754, 0.5071195, -0.3505075, 0.6130189, -0.4941481, -0.3127428, 0.8775578, 0.4095484, -0.7049151, -0.05562733, -0.05561963, -0.7049162, 0, 0, 0, 0, 0, 0
3.033344, 0.01558015, 1.228744, -0.04373649, 0.5204096, -0.3635471, 0.6070184, -0.4780544, -0.3127511, 0.877517, 0.4095427, -0.7049212, -0.05554996, -0.05554229, -0.7049223, 0, 0, 0, 0, 0, 0
3.061353, 0.006073818, 1.214962, -0.04425293, 0.5553041, -0.3343881, 0.609998, -0.4557679, -0.3127783, 0.8775415, 0.4092425, -0.7049221, -0.05553753, -0.05552975, -0.7049233, 0, 0, 0, 0, 0, 0
3.087301, 0.007679693, 1.208449, -0.04332334, 0.5382929, -0.3089067, 0.6387382, -0.4547867, -0.3127227, 0.8777165, 0.4093252, -0.7049332, -0.05539427, -0.05538645, -0.7049348, 0, 0, 0, 0, 0, 0
3.123971, 0.007892888, 1.203256, -0.04176351, 0.5355553, -0.2989775, 0.6494237, -0.4494906, -0.3127412, 0.8776174, 0.4095709, -0.7049479, -0.0552091, -0.05520112, -0.7049491, 0, 0, 0, 0, 0, 0
3.151016, 0.0008523911, 1.200623, -0.03743017, 0.5285409, -0.2799587, 0.6595925, -0.4551982, -0.312644, 0.8775606, 0.4095826, -0.7049531, -0.05514332, -0.05513543, -0.7049544, 0, 0, 0, 0, 0, 0
3.175921, -0.01092176, 1.208055, -0.0302799, 0.5208032, -0.2704544, 0.6597638, -0.4693934, -0.3128138, 0.8777444, 0.4096569, -0.7049571, -0.05509154, -0.05508373, -0.7049583, 0, 0, 0, 0, 0, 0
3.203826, -0.006810665, 1.211827, -0.02520984, 0.5290608, -0.296968, 0.6484412, -0.4598139, -0.312638, 0.8775592, 0.4096429, -0.7049612, -0.05504199, -0.05503425, -0.704962, 0, 0, 0, 0, 0, 0
3.230043, -0.01068907, 1.195612, -0.02705184, 0.5485206, -0.2924469, 0.6506575, -0.4361706, -0.3127012, 0.8775805, 0.4095385, -0.7049668, -0.05496807, -0.05496036, -0.7049679, 0, 0, 0, 0, 0, 0
3.254652, -0.007261172, 1.172859, -0.02931201, 0.5491241, -0.2722049, 0.6773625, -0.406875, -0.3126993, 0.8774121, 0.4093708, -0.7049737, -0.05487709, -0.05486916, -0.7049752, 0, 0, 0, 0, 0, 0
3.282013, -0.007261209, 1.172859, -0.02931219, 0.549124, -0.2722048, 0.6773625, -0.4068753, -0.3126988, 0.8774121, 0.4093721, -0.7049797, -0.05480619, -0.05479802, -0.7049803, 0, 0, 0, 0, 0, 0
3.30735, -0.0133305, 1.166767, -0.02666721, 0.5579576, -0.2692542, 0.6760409, -0.3989413, -0.3126262, 0.8776538, 0.4095513, -0.7049815, -0.05477974, -0.05477164, -0.7049826, 0, 0, 0, 0, 0, 0
3.33623, -0.01689922, 1.164734, -0.02379668, 0.5623205, -0.3028463, 0.6635472, -0.3895957, -0.3127481, 0.8775983, 0.4097798, -0.7049931, -0.05463019, -0.05462226, -0.7049941, 0, 0, 0, 0, 0, 0
3.372112, -0.01549014, 1.153431, -0.02507696, 0.5763497, -0.313634, 0.6600394, -0.3657905, -0.3126079, 0.8776932, 0.4098071, -0.7049987, -0.05455669, -0.05454875, -0.7049999, 0, 0, 0, 0, 0, 0
3.402369, -0.01532244, 1.130712, -0.0316923, 0.5949411, -0.3085602, 0.6636478, -0.3322758, -0.312612, 0.8774264, 0.4095618, -0.7050035, -0.05449435, -0.05448641, -0.7050048, 0, 0, 0, 0, 0, 0
3.435538, -0.0004861765, 1.126841, -0.03124946, 0.5943077, -0.3305312, 0.6673626, -0.3036026, -0.3126908, 0.8775061, 0.4097189, -0.7050171, -0.05431924, -0.05431142, -0.7050182, 0, 0, 0, 0, 0, 0
3.469098, 0.003208768, 1.119692, -0.03062618, 0.6087655, -0.3398543, 0.659216, -0.2816696, -0.3127287, 0.8774583, 0.4097204, -0.7050186, -0.0543011, -0.05429336, -0.7050196, 0, 0, 0, 0, 0, 0
3.503945, 0.009704664, 1.112821, -0.03641316, 0.6223686, -0.3433153, 0.6545726, -0.2575395, -0.3127692, 0.8777006, 0.4095472, -0.70503, -0.0541509, -0.05414303, -0.7050311, 0, 0, 0, 0, 0, 0
3.538802, 0.02652347, 1.126767, -0.03228602, 0.6204133, -0.3766173, 0.6428864, -0.2448343, -0.3128086, 0.8776271, 0.4095716, -0.7050343, -0.05409462, -0.05408664, -0.7050357, 0, 0, 0, 0, 0, 0
3.569526, 0.02943853, 1.142092, -0.0226548, 0.613835, -0.3996768, 0.6299737, -0.2580661, -0.3128978, 0.8776081, 0.4095787, -0.7050396, -0.05402614, -0.05401817, -0.7050406, 0, 0, 0, 0, 0, 0
3.602104, 0.04072087, 1.153676, -0.02151081, 0.6034393, -0.4173029, 0.6275809, -0.2605025, -0.3126498, 0.8775532, 0.4097982, -0.7050593, -0.0537681, -0.05376006, -0.7050605, 0, 0, 0, 0, 0, 0
3.635784, 0.04859886, 1.161293, -0.01890117, 0.5922083, -0.4331106, 0.6269346, -0.2620258, -0.3127144, 0.8774462, 0.4098617, -0.7050645, -0.05369776, -0.05368974, -0.7050661, 0, 0, 0, 0, 0, 0
3.669542, 0.05710542, 1.167814, -0.01864827, 0.5821158, -0.4515349, 0.6252618, -0.257498, -0.3125764, 0.8774367, 0.4097488, -0.7050737, -0.05358212, -0.05357415, -0.7050746, 0, 0, 0, 0, 0, 0
3.707094, 0.06430006, 1.162132, -0.02138764, 0.5769893, -0.4504392, 0.6339581, -0.2495697, -0.312673, 0.8774829, 0.4096131, -0.7050834, -0.05345104, -0.0534431, -0.7050846, 0, 0, 0, 0, 0, 0
3.735519, 0.07402971, 1.161025, -0.0254024, 0.5803402, -0.4566636, 0.6341117, -0.2292728, -0.3128056, 0.8775191, 0.4094904, -0.7050893, -0.05337111, -0.0533632, -0.7050908, 0, 0, 0, 0, 0, 0
3.768907, 0.07905807, 1.159146, -0.02401802, 0.5740793, -0.4550303, 0.6416473, -0.2273087, -0.3125455, 0.8773327, 0.4095892, -0.705098, -0.05326169, -0.05325378, -0.7050987, 0, 0, 0, 0, 0, 0
3.802088, 0.07493127, 1.154206, -0.02535281, 0.5781673, -0.4383234, 0.6479903, -0.231741, -0.3126743, 0.8774245, 0.4096318, -0.7051079, -0.05312747, -0.05311975, -0.7051091, 0, 0, 0, 0, 0, 0
3.836658, 0.09736721, 1.174207, -0.02565011, 0.5486246, -0.4737362, 0.6508919, -0.2256649, -0.3126813, 0.8771763, 0.4094495, -0.7051131, -0.05305544, -0.05304746, -0.7051147, 0, 0, 0, 0, 0, 0
3.865651, 0.09786168, 1.175074, -0.02364436, 0.5392097, -0.4678032, 0.6574104, -0.2412979, -0.3127579, 0.8772962, 0.4097094, -0.705114, -0.05304787, -0.05303984, -0.7051148, 0, 0, 0, 0, 0, 0
3.891089, 0.1091979, 1.181812, -0.02650657, 0.5301285, -0.4819006, 0.6573017, -0.233859, -0.3126637, 0.8773139, 0.4097813, -0.7051243, -0.05290929, -0.05290137, -0.7051253, 0, 0, 0, 0, 0, 0
3.91811, 0.1219165, 1.178436, -0.03372079, 0.5167152, -0.4867502, 0.669377, -0.219121, -0.3126172, 0.8773179, 0.4100241, -0.7051331, -0.05279211, -0.05278432, -0.7051343, 0, 0, 0, 0, 0, 0
3.942995, 0.1368656, 1.175515, -0.03719968, 0.4992365, -0.4831081, 0.6873159, -0.2120525, -0.3127091, 0.8774583, 0.4098414, -0.7051404, -0.05269276, -0.05268504, -0.7051418, 0, 0, 0, 0, 0, 0
3.968036, 0.1486682, 1.173392, -0.04383674, 0.4889773, -0.4858929, 0.6965816, -0.1989559, -0.3126498, 0.8771911, 0.4097176, -0.7051471, -0.05260487, -0.05259701, -0.7051482, 0, 0, 0, 0, 0, 0
3.993489, 0.155468, 1.168488, -0.04813105, 0.4772073, -0.4781366, 0.7109053, -0.1956331, -0.3125253, 0.8772562, 0.4094822, -0.7051541, -0.05250952, -0.05250163, -0.7051553, 0, 0, 0, 0, 0, 0
4.020572, 0.1639102, 1.173187, -0.04866955, 0.4672468, -0.4791692, 0.7153535, -0.2008647, -0.3126553, 0.8775368, 0.4095654, -0.705162, -0.05240355, -0.05239572, -0.7051632, 0, 0, 0, 0, 0, 0
4.044835, 0.1699325, 1.1739, -0.05192834, 0.458682, -0.4817102, 0.7192663, -0.2005546, -0.3127128, 0.8775983, 0.4097579, -0.7051639, -0.05237652, -0.05236875, -0.7051654, 0, 0, 0, 0, 0, 0
4.071001, 0.1754665, 1.172085, -0.05792516, 0.445666, -0.4820427, 0.7280862, -0.1972487, -0.3127804, 0.8776343, 0.4098478, -0.7051734, -0.05224973, -0.05224201, -0.7051747, 0, 0, 0, 0, 0, 0
4.094933, 0.169222, 1.158066, -0.05736764, 0.439708, -0.4812908, 0.7307208, -0.2026402, -0.3127997, 0.8773541, 0.4095882, -0.705178, -0.05218715, -0.05217945, -0.7051794, 0, 0, 0, 0, 0, 0
4.119689, 0.1686695, 1.153132, -0.05541629, 0.443758, -0.4768978, 0.7289209, -0.2105268, -0.3125028, 0.8770409, 0.4096553, -0.7051845, -0.05210147, -0.05209378, -0.7051856, 0, 0, 0, 0, 0, 0
4.143994, 0.1622674, 1.141773, -0.05295926, 0.456991, -0.4596426, 0.7299134, -0.2170582, -0.3125648, 0.8772681, 0.4096108, -0.7051987, -0.0519087, -0.05190115, -0.7051998, 0, 0, 0, 0, 0, 0
4.172916, 0.1564243, 1.139096, -0.04783168, 0.4638836, -0.4520121, 0.7249018, -0.2345519, -0.3126358, 0.8772898, 0.4094346, -0.7051972, -0.05192834, -0.05192031, -0.7051983, 0, 0, 0, 0, 0, 0
4.19695, 0.1144765, 1.150117, -0.02786207, 0.4706087, -0.4141676, 0.7101322, -0.3204763, -0.3126746, 0.8772521, 0.4092339, -0.7052047, -0.05182519, -0.05181729, -0.705206, 0, 0, 0, 0, 0, 0
4.220711, 0.06125819, 1.165967, -0.01427308, 0.4832895, -0.3571315, 0.6842233, -0.4131912, -0.3126074, 0.877619, 0.4094618, -0.7052121, -0.051724, -0.0517162, -0.7052137, 0, 0, 0, 0, 0, 0
4.245303, 0.009898573, 1.180547, -0.01392624, 0.5150334, -0.3041044, 0.6405519, -0.4816164, -0.3125844, 0.8776014, 0.4096687, -0.7052219, -0.05159437, -0.05158669, -0.7052227, 0, 0, 0, 0, 0, 0
4.270787, 0.05109929, 1.183681, -0.005231112, 0.4896558, -0.3611405, 0.6545464, -0.4487581, -0.3126517, 0.877811, 0.4098356, -0.705224, -0.05156585, -0.05155791, -0.7052249, 0, 0, 0, 0, 0, 0
4.295752, 0.0458336, 1.204806, -0.0001371205, 0.5011036, -0.3909124, 0.6169814, -0.4641299, -0.3125975, 0.8777661, 0.4095009, -0.7052354, -0.0514053, -0.05139708, -0.7052368, 0, 0, 0, 0, 0, 0
4.324616, 0.0236593, 1.19768, -0.0014036, 0.5397774, -0.3617062, 0.5929828, -0.4755844, -0.3125668, 0.8777797, 0.4097674, -0.705239, -0.0513543, -0.05134653, -0.7052406, 0, 0, 0, 0, 0, 0
4.350553, 0.01715256, 1.199336, 6.574392E-05, 0.5553061, -0.35874, 0.5769206, -0.4796911, -0.3126157, 0.8778708, 0.4097872, -0.7052425, -0.05131032, -0.05130252, -0.7052437, 0, 0, 0, 0, 0, 0
4.375233, 0.01950887, 1.201156, 0.001161665, 0.5659449, -0.3681899, 0.5654559, -0.473711, -0.3126842, 0.877795, 0.4095835, -0.7052461, -0.0512607, -0.05125292, -0.7052472, 0, 0, 0, 0, 0, 0
4.399836, 0.0202838, 1.202463, 0.002286345, 0.5748721, -0.3717585, 0.5562085, -0.4711155, -0.3127021, 0.8775215, 0.4096106, -0.7052501, -0.05120464, -0.0511967, -0.7052512, 0, 0, 0, 0, 0, 0
4.427017, 0.01545192, 1.203203, 0.002745062, 0.5844188, -0.3639923, 0.5463205, -0.4769678, -0.3126977, 0.8774066, 0.4094961, -0.7052587, -0.05108593, -0.05107806, -0.7052599, 0, 0, 0, 0, 0, 0
4.45313, 0.01049481, 1.211645, 0.004746437, 0.6071714, -0.3765673, 0.5070099, -0.4821628, -0.3127135, 0.8774655, 0.4098623, -0.7052593, -0.05107833, -0.05107054, -0.7052605, 0, 0, 0, 0, 0, 0
4.481767, 0.01049495, 1.211645, 0.004746348, 0.6071713, -0.3765672, 0.5070099, -0.4821628, -0.3127128, 0.8774655, 0.4098644, -0.7052671, -0.05097038, -0.05096206, -0.7052682, 0, 0, 0, 0, 0, 0
4.507458, 0.009515837, 1.218121, 0.0009679198, 0.6114446, -0.3874418, 0.4937817, -0.4818756, -0.3126271, 0.8772852, 0.4097977, -0.7052764, -0.05084063, -0.05083251, -0.7052776, 0, 0, 0, 0, 0, 0
4.534363, 0.02650909, 1.219536, 0.005313545, 0.6030688, -0.4010907, 0.5020902, -0.4725884, -0.3125843, 0.8774421, 0.4099375, -0.7052812, -0.05077275, -0.0507644, -0.7052827, 0, 0, 0, 0, 0, 0
4.560532, 0.03858133, 1.218147, 0.008722365, 0.6153345, -0.4055088, 0.4980611, -0.4570135, -0.3127753, 0.877665, 0.4096916, -0.705284, -0.05073527, -0.05072711, -0.7052852, 0, 0, 0, 0, 0, 0
4.585395, 0.04465961, 1.218528, 0.009267271, 0.6235011, -0.4047054, 0.4896429, -0.455752, -0.3125192, 0.8775322, 0.4097493, -0.705294, -0.05059684, -0.05058899, -0.705295, 0, 0, 0, 0, 0, 0
4.610652, 0.04465953, 1.218528, 0.00926733, 0.6235012, -0.4047054, 0.489643, -0.4557518, -0.3125185, 0.8775322, 0.4097514, -0.7053016, -0.05048889, -0.05048052, -0.705303, 0, 0, 0, 0, 0, 0
4.63902, 0.05662414, 1.221451, 0.01144636, 0.6175767, -0.4064591, 0.4937919, -0.4577769, -0.3126606, 0.8776575, 0.4096869, -0.7053082, -0.05039677, -0.05038865, -0.7053096, 0, 0, 0, 0, 0, 0
4.668615, 0.06703997, 1.225445, 0.01358438, 0.6085362, -0.404096, 0.4998438, -0.4653455, -0.3126643, 0.8775358, 0.4096907, -0.7053155, -0.05029359, -0.05028586, -0.7053169, 0, 0, 0, 0, 0, 0
4.702154, 0.07922803, 1.228281, 0.01634231, 0.6050621, -0.4059634, 0.5022942, -0.4656116, -0.3127587, 0.8774483, 0.4096038, -0.7053174, -0.05026952, -0.05026188, -0.7053185, 0, 0, 0, 0, 0, 0
4.735064, 0.08822215, 1.230733, 0.0187293, 0.6015412, -0.4054768, 0.5045516, -0.46815, -0.3127131, 0.8776188, 0.4095903, -0.7053285, -0.05011202, -0.05010418, -0.7053298, 0, 0, 0, 0, 0, 0
4.77012, 0.09270965, 1.228498, 0.02010322, 0.6071728, -0.4047365, 0.4985537, -0.4679463, -0.3126768, 0.8775535, 0.4100313, -0.7053369, -0.04999395, -0.04998555, -0.7053383, 0, 0, 0, 0, 0, 0
4.805735, 0.1008112, 1.229451, 0.0230974, 0.6088427, -0.4052247, 0.4957131, -0.4683717, -0.3126217, 0.877351, 0.4097343, -0.7053509, -0.04979646, -0.04978848, -0.7053522, 0, 0, 0, 0, 0, 0
4.835326, 0.1059851, 1.227708, 0.02539608, 0.6120065, -0.4036601, 0.4938988, -0.4675153, -0.3126998, 0.8775425, 0.4095032, -0.7053601, -0.04966451, -0.04965676, -0.7053614, 0, 0, 0, 0, 0, 0
4.868886, 0.1131302, 1.227155, 0.02801228, 0.6157248, -0.4039978, 0.4904325, -0.4659879, -0.3128441, 0.8776364, 0.4094878, -0.7053654, -0.04959001, -0.04958228, -0.7053667, 0, 0, 0, 0, 0, 0
4.901574, 0.11926, 1.226074, 0.03117332, 0.6175039, -0.4025042, 0.4913645, -0.4639399, -0.3126359, 0.8776789, 0.4094681, -0.7053773, -0.04941785, -0.04941018, -0.7053788, 0, 0, 0, 0, 0, 0
4.935609, 0.1224595, 1.221438, 0.0331775, 0.6244998, -0.4027774, 0.487717, -0.4581512, -0.3124286, 0.8774929, 0.4097268, -0.7053893, -0.0492476, -0.04923966, -0.7053908, 0, 0, 0, 0, 0, 0
4.972618, 0.126747, 1.218988, 0.035678, 0.6293591, -0.4023468, 0.4856037, -0.4541071, -0.312573, 0.8774262, 0.4098218, -0.7053947, -0.04917056, -0.04916286, -0.7053961, 0, 0, 0, 0, 0, 0
5.00232, 0.1294007, 1.216158, 0.03775123, 0.6316926, -0.4017031, 0.4854877, -0.4515537, -0.3126995, 0.8775125, 0.409929, -0.7054022, -0.04906694, -0.04905925, -0.705403, 0, 0, 0, 0, 0, 0
5.034857, 0.1323078, 1.214718, 0.03895622, 0.6339754, -0.4027456, 0.4841549, -0.4488488, -0.3126743, 0.8776028, 0.4095424, -0.7054128, -0.04891424, -0.0489061, -0.7054137, 0, 0, 0, 0, 0, 0
5.069192, 0.1339914, 1.211912, 0.04055402, 0.6371568, -0.4028878, 0.4830846, -0.4453557, -0.3125856, 0.8774481, 0.4096813, -0.705422, -0.04877807, -0.04877013, -0.7054234, 0, 0, 0, 0, 0, 0
5.101604, 0.1349938, 1.208602, 0.04103707, 0.6411436, -0.4026935, 0.4813393, -0.4416847, -0.312758, 0.8774953, 0.4095055, -0.7054278, -0.04869392, -0.04868598, -0.7054292, 0, 0, 0, 0, 0, 0
5.13778, 0.1375796, 1.209362, 0.04177535, 0.6430851, -0.4022971, 0.4807365, -0.439876, -0.3127996, 0.8777204, 0.4094408, -0.7054339, -0.04860666, -0.04859821, -0.7054352, 0, 0, 0, 0, 0, 0
5.173261, 0.1385012, 1.208068, 0.04276013, 0.6431353, -0.4020612, 0.4818141, -0.4388381, -0.3127208, 0.8776114, 0.4095396, -0.7054402, -0.04851319, -0.04850493, -0.7054416, 0, 0, 0, 0, 0, 0
5.201971, 0.1375148, 1.207262, 0.04196016, 0.6442958, -0.4009737, 0.4811408, -0.4388697, -0.31264, 0.8775742, 0.4097074, -0.7054466, -0.04842062, -0.0484129, -0.7054479, 0, 0, 0, 0, 0, 0
5.227607, 0.1372807, 1.207391, 0.0423533, 0.6438085, -0.4006827, 0.4814622, -0.4394975, -0.3127087, 0.8776422, 0.409694, -0.7054542, -0.04831205, -0.04830386, -0.7054552, 0, 0, 0, 0, 0, 0
5.252597, 0.1357608, 1.204679, 0.04306287, 0.6448187, -0.3994413, 0.4822227, -0.4383112, -0.3126872, 0.8775809, 0.4097138, -0.7054611, -0.04821058, -0.04820257, -0.7054623, 0, 0, 0, 0, 0, 0
5.280188, 0.1347319, 1.203933, 0.04305799, 0.6462781, -0.3995284, 0.4810574, -0.437362, -0.3126578, 0.8776407, 0.4095367, -0.7054691, -0.04809279, -0.04808418, -0.7054703, 0, 0, 0, 0, 0, 0
5.306405, 0.1326775, 1.202624, 0.04320608, 0.6485045, -0.3981681, 0.4796771, -0.4368227, -0.3125541, 0.8774021, 0.4094896, -0.7054776, -0.04796806, -0.04795981, -0.7054788, 0, 0, 0, 0, 0, 0
5.331744, 0.1314387, 1.201524, 0.04357137, 0.6490153, -0.3976919, 0.4799844, -0.4361597, -0.3126448, 0.8773935, 0.4094285, -0.7054796, -0.04793895, -0.04793109, -0.7054808, 0, 0, 0, 0, 0, 0
5.357565, 0.1319495, 1.201087, 0.04418984, 0.6479567, -0.3986249, 0.4815981, -0.4351017, -0.3125181, 0.8776352, 0.4093323, -0.7054917, -0.04776087, -0.04775351, -0.705493, 0, 0, 0, 0, 0, 0
5.385737, 0.130732, 1.200706, 0.04425761, 0.6491139, -0.3981533, 0.4807674, -0.4347273, -0.3126371, 0.8776236, 0.4094, -0.7054996, -0.04764105, -0.04763329, -0.705501, 0, 0, 0, 0, 0, 0
5.410932, 0.1268825, 1.198512, 0.04368544, 0.6530979, -0.3955307, 0.4787373, -0.4333928, -0.3126456, 0.8774183, 0.409435, -0.7055069, -0.04753255, -0.04752475, -0.7055084, 0, 0, 0, 0, 0, 0
5.440491, 0.1258192, 1.197203, 0.04395908, 0.6547747, -0.3950746, 0.478623, -0.4314004, -0.3125156, 0.8774712, 0.4094249, -0.7055103, -0.04748484, -0.04747678, -0.7055115, 0, 0, 0, 0, 0, 0
5.469345, 0.1246703, 1.196737, 0.04425545, 0.6558525, -0.3945037, 0.4785052, -0.4304152, -0.3126312, 0.8775253, 0.4095351, -0.7055165, -0.04739305, -0.04738513, -0.7055176, 0, 0, 0, 0, 0, 0
5.49543, 0.1221205, 1.196809, 0.04369351, 0.656159, -0.3931061, 0.4783107, -0.4314413, -0.3126743, 0.8776782, 0.4093653, -0.7055199, -0.04734193, -0.04733386, -0.705521, 0, 0, 0, 0, 0, 0
5.520853, 0.1179162, 1.198222, 0.04394117, 0.6560771, -0.3941946, 0.4759957, -0.4331298, -0.3126263, 0.8774533, 0.4096043, -0.7055286, -0.04721052, -0.04720244, -0.7055299, 0, 0, 0, 0, 0, 0
5.546639, 0.1157302, 1.198026, 0.04426852, 0.6570935, -0.393725, 0.4751017, -0.4329976, -0.3126295, 0.8775838, 0.409618, -0.7055338, -0.04713258, -0.04712467, -0.7055353, 0, 0, 0, 0, 0, 0
5.572915, 0.1129638, 1.198083, 0.04407802, 0.6580125, -0.3928204, 0.47427, -0.4333354, -0.3126542, 0.8776886, 0.409651, -0.7055355, -0.04710884, -0.04710101, -0.7055367, 0, 0, 0, 0, 0, 0
5.601642, 0.1104191, 1.198725, 0.04354253, 0.658312, -0.3927605, 0.4731023, -0.4342105, -0.3126055, 0.8778498, 0.4095923, -0.7055448, -0.04697147, -0.04696374, -0.7055458, 0, 0, 0, 0, 0, 0
5.62714, 0.1083923, 1.198494, 0.04269381, 0.6595546, -0.3927789, 0.4713459, -0.4342183, -0.3125353, 0.8778036, 0.4093517, -0.7055498, -0.04689381, -0.04688603, -0.705551, 0, 0, 0, 0, 0, 0
5.651113, 0.1063979, 1.194771, 0.04158315, 0.6620691, -0.3900934, 0.4732743, -0.4307006, -0.3126034, 0.8776684, 0.40978, -0.705551, -0.04687376, -0.04686597, -0.7055525, 0, 0, 0, 0, 0, 0
5.675061, 0.1066993, 1.192378, 0.04073398, 0.6639687, -0.3901324, 0.4740406, -0.4268814, -0.3126538, 0.8778458, 0.409761, -0.7055572, -0.04678142, -0.04677336, -0.7055586, 0, 0, 0, 0, 0, 0
5.705464, 0.1078675, 1.190893, 0.04007132, 0.6640925, -0.3900553, 0.4760401, -0.4245279, -0.3126253, 0.8776846, 0.4097557, -0.7055588, -0.04675831, -0.04675037, -0.70556, 0, 0, 0, 0, 0, 0
5.73505, 0.109133, 1.191161, 0.03937232, 0.6613984, -0.3898165, 0.479775, -0.4247482, -0.3126666, 0.8777063, 0.4095835, -0.7055709, -0.0465769, -0.04656893, -0.7055719, 0, 0, 0, 0, 0, 0
5.770254, 0.1098121, 1.192628, 0.0384157, 0.6568368, -0.3901281, 0.4836372, -0.4271541, -0.3125913, 0.8773103, 0.4094917, -0.7055748, -0.04651734, -0.04650917, -0.705576, 0, 0, 0, 0, 0, 0
5.795269, 0.1123046, 1.19317, 0.0362255, 0.6524571, -0.3919953, 0.4886006, -0.4265078, -0.3125711, 0.8772829, 0.4094895, -0.7055768, -0.04648506, -0.04647697, -0.7055781, 0, 0, 0, 0, 0, 0
5.820839, 0.1136684, 1.195084, 0.03548741, 0.6484581, -0.3928999, 0.4919128, -0.4279646, -0.3125156, 0.8772457, 0.4096796, -0.7055831, -0.04638986, -0.04638186, -0.7055843, 0, 0, 0, 0, 0, 0
5.845041, 0.1161683, 1.198567, 0.03372401, 0.642993, -0.3961922, 0.4948814, -0.429749, -0.3125616, 0.8775005, 0.4097258, -0.7055938, -0.04622937, -0.04622168, -0.7055948, 0, 0, 0, 0, 0, 0
5.906511, 0.1161683, 1.198567, 0.03372389, 0.6429929, -0.3961923, 0.4948815, -0.429749, -0.3125603, 0.8775006, 0.4097293, -0.7056057, -0.04604492, -0.04603689, -0.705607, 0, 0, 0, 0, 0, 0
5.936156, 0.1218996, 1.201973, 0.02903336, 0.6392747, -0.4037998, 0.4977334, -0.4248943, -0.3126586, 0.8774925, 0.4094965, -0.7056108, -0.04596815, -0.04596017, -0.7056119, 0, 0, 0, 0, 0, 0
5.962567, 0.1273418, 1.205827, 0.0262526, 0.6338178, -0.4094636, 0.5010969, -0.4236939, -0.3125456, 0.877578, 0.409472, -0.7056161, -0.04588563, -0.04587783, -0.7056173, 0, 0, 0, 0, 0, 0
5.987654, 0.134031, 1.209518, 0.02336758, 0.6267944, -0.4148466, 0.5066499, -0.4222997, -0.3125057, 0.8776584, 0.4095533, -0.7056244, -0.04575715, -0.04574908, -0.7056257, 0, 0, 0, 0, 0, 0
6.013093, 0.1408452, 1.213398, 0.01942024, 0.6204205, -0.4217105, 0.5107101, -0.4200166, -0.312628, 0.8776503, 0.4096282, -0.7056286, -0.04569247, -0.04568465, -0.7056299, 0, 0, 0, 0, 0, 0
6.040019, 0.1408452, 1.213398, 0.01942033, 0.6204205, -0.4217105, 0.51071, -0.4200168, -0.3126275, 0.8776503, 0.4096296, -0.7056335, -0.04561855, -0.0456104, -0.7056346, 0, 0, 0, 0, 0, 0
6.065506, 0.1477247, 1.21733, 0.01346242, 0.6134194, -0.428158, 0.5157076, -0.4176639, -0.3126235, 0.8776195, 0.4095545, -0.7056424, -0.04547912, -0.04547088, -0.7056435, 0, 0, 0, 0, 0, 0
6.095277, 0.1552661, 1.219973, 0.007022381, 0.6080825, -0.4354198, 0.5197076, -0.4129761, -0.3125658, 0.8775561, 0.4093508, -0.7056506, -0.04535192, -0.04534399, -0.7056518, 0, 0, 0, 0, 0, 0
6.12334, 0.1628136, 1.222788, 0.0001128018, 0.6007594, -0.4411466, 0.526646, -0.4088054, -0.3126281, 0.8775887, 0.4094452, -0.7056604, -0.0451965, -0.04518842, -0.7056618, 0, 0, 0, 0, 0, 0
6.156516, 0.1700667, 1.224118, -0.008077651, 0.596333, -0.4482241, 0.5311028, -0.4017611, -0.3126767, 0.8776407, 0.4093621, -0.7056664, -0.04510326, -0.04509503, -0.7056679, 0, 0, 0, 0, 0, 0
6.189922, 0.1804887, 1.227714, -0.0151225, 0.5844335, -0.4553587, 0.5420063, -0.3966298, -0.3125893, 0.8776174, 0.409466, -0.705676, -0.04495224, -0.04494406, -0.7056774, 0, 0, 0, 0, 0, 0
6.223752, 0.1836153, 1.232017, -0.02265593, 0.5765037, -0.4581441, 0.5488307, -0.3956416, -0.3128349, 0.8776176, 0.4095155, -0.7056804, -0.04488602, -0.04487793, -0.7056817, 0, 0, 0, 0, 0, 0
6.260972, 0.1905377, 1.236788, -0.02973244, 0.5665569, -0.4647216, 0.5552139, -0.3934268, -0.3125218, 0.8774793, 0.4096339, -0.7056865, -0.04478921, -0.04478122, -0.7056879, 0, 0, 0, 0, 0, 0
6.290422, 0.1976705, 1.241751, -0.03664318, 0.5562816, -0.4717882, 0.5606746, -0.391932, -0.3127281, 0.8774712, 0.4095542, -0.7056964, -0.04463414, -0.04462618, -0.7056975, 0, 0, 0, 0, 0, 0
6.324008, 0.201698, 1.245668, -0.04359314, 0.5523564, -0.4785661, 0.5617678, -0.3876775, -0.3126142, 0.8774607, 0.4097862, -0.7057053, -0.0444932, -0.0444853, -0.7057065, 0, 0, 0, 0, 0, 0
6.366744, 0.2062863, 1.248071, -0.05081585, 0.5500747, -0.4852635, 0.5624446, -0.3815669, -0.3125006, 0.8773432, 0.4094388, -0.7057194, -0.04426838, -0.04426015, -0.7057207, 0, 0, 0, 0, 0, 0
6.394198, 0.2115401, 1.249468, -0.05745995, 0.546145, -0.4908607, 0.5650691, -0.376136, -0.3126201, 0.877609, 0.4093653, -0.7057226, -0.04421634, -0.0442084, -0.7057238, 0, 0, 0, 0, 0, 0
6.426057, 0.214411, 1.250642, -0.06363359, 0.5441231, -0.4958746, 0.5653934, -0.3719795, -0.3124757, 0.8774598, 0.409411, -0.7057344, -0.04402851, -0.04402062, -0.7057356, 0, 0, 0, 0, 0, 0
6.457985, 0.2175068, 1.250471, -0.06850415, 0.5410622, -0.4980946, 0.5688045, -0.3682593, -0.312312, 0.8775129, 0.4095006, -0.705741, -0.04392247, -0.04391461, -0.7057422, 0, 0, 0, 0, 0, 0
6.490382, 0.2206673, 1.250072, -0.07241488, 0.5395743, -0.5004609, 0.5712188, -0.363466, -0.3125377, 0.8774464, 0.4096994, -0.705746, -0.04384265, -0.04383468, -0.7057472, 0, 0, 0, 0, 0, 0
6.523149, 0.2220395, 1.250537, -0.07593247, 0.5363102, -0.5026674, 0.5736131, -0.361476, -0.3125857, 0.8773842, 0.409824, -0.7057551, -0.04369494, -0.04368688, -0.7057564, 0, 0, 0, 0, 0, 0
6.549402, 0.2236468, 1.249981, -0.07907227, 0.5340346, -0.5039466, 0.575799, -0.3595839, -0.3125315, 0.8772554, 0.4095383, -0.7057534, -0.04372247, -0.04371469, -0.7057546, 0, 0, 0, 0, 0, 0
6.577364, 0.2237634, 1.250098, -0.08111033, 0.5323668, -0.5059202, 0.5758824, -0.3591516, -0.3125553, 0.877233, 0.4094256, -0.7057605, -0.04360817, -0.0436004, -0.7057617, 0, 0, 0, 0, 0, 0
6.602943, 0.2239694, 1.251121, -0.08300209, 0.5309442, -0.5069461, 0.5761788, -0.3593356, -0.3126363, 0.8773501, 0.4093382, -0.7057613, -0.04359434, -0.04358652, -0.7057626, 0, 0, 0, 0, 0, 0
6.626837, 0.2231007, 1.251979, -0.08483136, 0.5292408, -0.5070366, 0.577003, -0.3603965, -0.3126025, 0.8775838, 0.4091456, -0.7057689, -0.04347147, -0.0434635, -0.7057701, 0, 0, 0, 0, 0, 0
6.651991, 0.2224605, 1.24964, -0.08665302, 0.5316322, -0.5077305, 0.5759316, -0.3576027, -0.3127486, 0.8776181, 0.4094431, -0.7057714, -0.04343242, -0.04342427, -0.7057725, 0, 0, 0, 0, 0, 0
6.675953, 0.2200718, 1.245754, -0.08758724, 0.5317758, -0.5066864, 0.5767838, -0.3574965, -0.312584, 0.8775337, 0.4093829, -0.7057788, -0.0433112, -0.04330314, -0.7057801, 0, 0, 0, 0, 0, 0
6.70088, 0.2193788, 1.244467, -0.08862594, 0.5321453, -0.5066364, 0.5772015, -0.3563419, -0.312633, 0.877625, 0.4093509, -0.7057825, -0.04325099, -0.043243, -0.7057835, 0, 0, 0, 0, 0, 0
6.729387, 0.2188475, 1.243856, -0.08950666, 0.5325459, -0.5068985, 0.5768415, -0.3559532, -0.3126276, 0.8773828, 0.4095229, -0.7057852, -0.04320617, -0.04319826, -0.7057866, 0, 0, 0, 0, 0, 0
6.754125, 0.2178261, 1.242819, -0.08944532, 0.5353618, -0.5064339, 0.5757519, -0.3541498, -0.3125479, 0.8773098, 0.4096575, -0.7058014, -0.0429391, -0.04293126, -0.7058029, 0, 0, 0, 0, 0, 0
6.778127, 0.2166915, 1.24196, -0.08968717, 0.5358703, -0.5053325, 0.5761911, -0.35424, -0.3125865, 0.8775651, 0.4096111, -0.7058071, -0.04284425, -0.04283631, -0.7058086, 0, 0, 0, 0, 0, 0
6.803073, 0.215728, 1.241549, -0.08989504, 0.5359547, -0.504697, 0.576165, -0.3550597, -0.3127057, 0.8776457, 0.4096053, -0.7058076, -0.04283891, -0.04283106, -0.7058088, 0, 0, 0, 0, 0, 0
6.827703, 0.2151527, 1.241398, -0.09004521, 0.5358367, -0.5043467, 0.5759326, -0.3561108, -0.3127612, 0.8776326, 0.4091906, -0.7058116, -0.04277274, -0.04276481, -0.7058128, 0, 0, 0, 0, 0, 0
6.852813, 0.2131013, 1.240347, -0.08890468, 0.5373639, -0.5029268, 0.5743985, -0.3582891, -0.3125333, 0.8776593, 0.4094695, -0.7058231, -0.04258335, -0.04257524, -0.7058243, 0, 0, 0, 0, 0, 0
6.879986, 0.2124956, 1.240083, -0.08828345, 0.5384435, -0.5026324, 0.5733043, -0.3588334, -0.3125374, 0.8775862, 0.4097473, -0.7058268, -0.04252129, -0.04251267, -0.705828, 0, 0, 0, 0, 0, 0
6.90652, 0.2114287, 1.239842, -0.08806017, 0.5402569, -0.5033974, 0.5709131, -0.3588479, -0.3126532, 0.8776562, 0.4095745, -0.7058265, -0.0425253, -0.04251704, -0.7058278, 0, 0, 0, 0, 0, 0
6.932065, 0.2104102, 1.239822, -0.08698222, 0.5424654, -0.5031855, 0.5691578, -0.3586014, -0.3125035, 0.8774962, 0.4095817, -0.7058343, -0.042398, -0.04238959, -0.7058355, 0, 0, 0, 0, 0, 0
6.95867, 0.2092245, 1.238761, -0.08595395, 0.5436002, -0.5021439, 0.5683184, -0.3596728, -0.3126868, 0.8776019, 0.4096303, -0.7058325, -0.04242473, -0.04241657, -0.7058339, 0, 0, 0, 0, 0, 0
6.983867, 0.2092418, 1.23737, -0.08465722, 0.5450815, -0.5010943, 0.5679906, -0.3594124, -0.3125454, 0.8774498, 0.409499, -0.7058429, -0.04225213, -0.04224426, -0.7058443, 0, 0, 0, 0, 0, 0
7.008776, 0.2080472, 1.238841, -0.0815441, 0.5471514, -0.4986973, 0.5661126, -0.3625503, -0.3125981, 0.8776143, 0.4095858, -0.7058436, -0.04223998, -0.04223222, -0.7058449, 0, 0, 0, 0, 0, 0
7.036617, 0.2071998, 1.239071, -0.07989293, 0.5472345, -0.4979352, 0.5653371, -0.3646767, -0.3124795, 0.8775592, 0.4096198, -0.7058562, -0.04203005, -0.04202223, -0.7058575, 0, 0, 0, 0, 0, 0
7.063964, 0.2060216, 1.240016, -0.07822856, 0.5473884, -0.4976375, 0.5638747, -0.367108, -0.3125418, 0.8774645, 0.4096978, -0.7058565, -0.04202474, -0.04201694, -0.7058576, 0, 0, 0, 0, 0, 0
7.089948, 0.2050528, 1.240819, -0.07627305, 0.548894, -0.4967878, 0.5620345, -0.3688285, -0.3126375, 0.8776141, 0.4096544, -0.7058582, -0.04199886, -0.04199096, -0.7058592, 0, 0, 0, 0, 0, 0
7.115482, 0.2024761, 1.23985, -0.07421294, 0.5512722, -0.4950412, 0.5598097, -0.371007, -0.312687, 0.8774972, 0.4094307, -0.7058629, -0.04191619, -0.04190828, -0.7058643, 0, 0, 0, 0, 0, 0
7.14081, 0.1998533, 1.239662, -0.07232335, 0.5542599, -0.4931303, 0.5573277, -0.3728327, -0.3125857, 0.8772507, 0.4095136, -0.7058678, -0.04183354, -0.04182568, -0.7058693, 0, 0, 0, 0, 0, 0
7.166017, 0.1960953, 1.239521, -0.06874862, 0.5584061, -0.4911003, 0.5531446, -0.3755452, -0.3125977, 0.877486, 0.4097008, -0.7058743, -0.041724, -0.0417161, -0.7058757, 0, 0, 0, 0, 0, 0
7.196029, 0.191399, 1.236543, -0.06470737, 0.5638893, -0.4875503, 0.5492187, -0.3777335, -0.3125346, 0.8774729, 0.4094585, -0.7058769, -0.04167961, -0.04167176, -0.7058783, 0, 0, 0, 0, 0, 0
7.222059, 0.1875053, 1.235354, -0.06105503, 0.5705639, -0.484144, 0.5444736, -0.3789589, -0.3125641, 0.8776104, 0.4095398, -0.7058865, -0.0415182, -0.04151031, -0.7058877, 0, 0, 0, 0, 0, 0
7.247949, 0.1875052, 1.235354, -0.06105494, 0.570564, -0.4841439, 0.5444735, -0.3789589, -0.3125636, 0.8776105, 0.4095413, -0.7058908, -0.04144492, -0.04143657, -0.705892, 0, 0, 0, 0, 0, 0
7.273912, 0.1826893, 1.232665, -0.05695006, 0.57644, -0.4803695, 0.540764, -0.3801793, -0.3127043, 0.8776748, 0.4097081, -0.7058862, -0.04152159, -0.04151347, -0.7058875, 0, 0, 0, 0, 0, 0
7.301114, 0.1779163, 1.229908, -0.05274731, 0.5816964, -0.4752838, 0.5381438, -0.3822771, -0.3127722, 0.8776386, 0.4095733, -0.7058939, -0.04139152, -0.04138366, -0.7058951, 0, 0, 0, 0, 0, 0
7.334545, 0.1739772, 1.228797, -0.04792732, 0.5851244, -0.47149, 0.5354789, -0.3854726, -0.3125434, 0.8776071, 0.4099159, -0.7059025, -0.0412451, -0.04123724, -0.7059038, 0, 0, 0, 0, 0, 0
7.370421, 0.1697612, 1.226452, -0.04365206, 0.5890434, -0.4672039, 0.5330437, -0.3880885, -0.3126923, 0.8773518, 0.4096332, -0.7059041, -0.04121809, -0.04121017, -0.7059053, 0, 0, 0, 0, 0, 0
7.400568, 0.166347, 1.225087, -0.0391095, 0.5938892, -0.4636874, 0.5297396, -0.3894425, -0.3126171, 0.8772998, 0.4097526, -0.7059126, -0.0410735, -0.04106557, -0.7059136, 0, 0, 0, 0, 0, 0
7.433963, 0.1632824, 1.22436, -0.03474638, 0.5988037, -0.4598802, 0.5260106, -0.3914807, -0.3126064, 0.8774068, 0.4098961, -0.7059196, -0.0409511, -0.04094313, -0.7059209, 0, 0, 0, 0, 0, 0
7.467506, 0.1608524, 1.224604, -0.03100133, 0.6032332, -0.4571491, 0.5222341, -0.3929325, -0.312654, 0.8775055, 0.409686, -0.7059267, -0.04083123, -0.04082328, -0.7059277, 0, 0, 0, 0, 0, 0
7.505913, 0.1577538, 1.223688, -0.02673838, 0.6066717, -0.4540336, 0.5196515, -0.3946711, -0.3126398, 0.8774614, 0.4099124, -0.7059332, -0.04071391, -0.04070599, -0.7059348, 0, 0, 0, 0, 0, 0
7.537333, 0.1558215, 1.223626, -0.02269369, 0.6099935, -0.4521349, 0.5163744, -0.3960297, -0.3127266, 0.8776414, 0.4098861, -0.7059366, -0.04065708, -0.04064872, -0.705938, 0, 0, 0, 0, 0, 0
7.567608, 0.1538371, 1.224138, -0.01907718, 0.6126086, -0.4498964, 0.5136173, -0.3981221, -0.3125866, 0.8776629, 0.409857, -0.7059426, -0.04055272, -0.04054449, -0.7059439, 0, 0, 0, 0, 0, 0
7.600542, 0.1510246, 1.224745, -0.01550993, 0.6140717, -0.4474851, 0.5114245, -0.4013951, -0.3127129, 0.8776143, 0.4097528, -0.7059436, -0.04053432, -0.04052625, -0.7059449, 0, 0, 0, 0, 0, 0
7.633793, 0.1471077, 1.223384, -0.01213181, 0.6160315, -0.4462298, 0.5086411, -0.4033217, -0.3124676, 0.8776047, 0.409813, -0.7059587, -0.04027104, -0.04026309, -0.70596, 0, 0, 0, 0, 0, 0
7.668285, 0.1457786, 1.225163, -0.008935809, 0.6195241, -0.4448855, 0.5051264, -0.4038738, -0.3126277, 0.8775654, 0.4096512, -0.7059668, -0.04012939, -0.04012141, -0.7059681, 0, 0, 0, 0, 0, 0
7.705821, 0.143135, 1.224588, -0.006106794, 0.6219399, -0.4430551, 0.5023774, -0.4055982, -0.3126585, 0.8776982, 0.4096703, -0.7059717, -0.04004493, -0.04003699, -0.7059727, 0, 0, 0, 0, 0, 0
7.734475, 0.1403538, 1.223311, -0.003211737, 0.624248, -0.4416406, 0.499541, -0.4070956, -0.3125822, 0.87778, 0.409701, -0.7059814, -0.03986946, -0.03986154, -0.7059829, 0, 0, 0, 0, 0, 0
7.771873, 0.1364112, 1.221266, -0.0001677275, 0.6271725, -0.4390017, 0.4970602, -0.4084891, -0.3126516, 0.8775992, 0.4097661, -0.7059922, -0.03967996, -0.0396719, -0.7059935, 0, 0, 0, 0, 0, 0
7.802022, 0.1334466, 1.2193, 0.002194703, 0.6313247, -0.4374057, 0.4930054, -0.4087188, -0.3127011, 0.8775649, 0.4095445, -0.7059954, -0.0396261, -0.0396181, -0.7059963, 0, 0, 0, 0, 0, 0
7.833812, 0.1294521, 1.217551, 0.005120665, 0.6337064, -0.4348713, 0.4906856, -0.4105248, -0.3127211, 0.8778369, 0.4096313, -0.7060059, -0.03943619, -0.0394282, -0.7060071, 0, 0, 0, 0, 0, 0
7.862599, 0.1247071, 1.215664, 0.008954793, 0.6367496, -0.4310824, 0.4882099, -0.4127579, -0.3125502, 0.8776515, 0.4099341, -0.7060075, -0.03940505, -0.03939715, -0.7060088, 0, 0, 0, 0, 0, 0
7.887809, 0.1204709, 1.21308, 0.01084387, 0.6409586, -0.4285294, 0.4847124, -0.4130236, -0.3126868, 0.8776762, 0.4097959, -0.706017, -0.03923861, -0.03923076, -0.706018, 0, 0, 0, 0, 0, 0
7.914968, 0.1166582, 1.210977, 0.01378393, 0.6437514, -0.4253581, 0.4823434, -0.4147283, -0.3125519, 0.8775697, 0.409636, -0.7060214, -0.03915668, -0.03914883, -0.7060227, 0, 0, 0, 0, 0, 0
7.940541, 0.1080927, 1.205885, 0.02016279, 0.6521992, -0.4178733, 0.4765546, -0.415829, -0.3125205, 0.8775058, 0.4092635, -0.7060257, -0.03907685, -0.03906908, -0.7060272, 0, 0, 0, 0, 0, 0
7.965857, 0.1023291, 1.20322, 0.02313566, 0.6571737, -0.4150548, 0.4717144, -0.4163384, -0.312703, 0.8773816, 0.4093802, -0.7060338, -0.03893422, -0.03892632, -0.7060348, 0, 0, 0, 0, 0, 0
7.991919, 0.09649978, 1.201188, 0.02683753, 0.6611166, -0.411503, 0.4675353, -0.418331, -0.3126345, 0.8773415, 0.4093676, -0.7060391, -0.03883348, -0.03882562, -0.7060407, 0, 0, 0, 0, 0, 0
8.020032, 0.08911547, 1.1977, 0.03061777, 0.6660624, -0.4070811, 0.4627357, -0.4201447, -0.3126062, 0.8774586, 0.4093628, -0.7060406, -0.03880781, -0.03880005, -0.706042, 0, 0, 0, 0, 0, 0
8.046013, 0.08167427, 1.194739, 0.03400753, 0.6715364, -0.4027222, 0.4570614, -0.4218395, -0.3125974, 0.877547, 0.409171, -0.7060505, -0.03862955, -0.03862179, -0.7060518, 0, 0, 0, 0, 0, 0
8.072338, 0.07547536, 1.19291, 0.03822657, 0.6760365, -0.4005018, 0.4511735, -0.4231021, -0.3125063, 0.8776982, 0.4093826, -0.7060605, -0.03844494, -0.03843716, -0.7060618, 0, 0, 0, 0, 0, 0
8.097967, 0.05968949, 1.189662, 0.04787086, 0.6841757, -0.3929837, 0.4380988, -0.43074, -0.312707, 0.8776176, 0.4093981, -0.7060608, -0.03843822, -0.03843043, -0.7060621, 0, 0, 0, 0, 0, 0
8.125258, 0.05148537, 1.187088, 0.0526838, 0.6890575, -0.3894455, 0.4310718, -0.4332541, -0.3125995, 0.8775744, 0.409292, -0.7060692, -0.03828879, -0.03828097, -0.7060701, 0, 0, 0, 0, 0, 0
8.151218, 0.04331136, 1.185434, 0.05755684, 0.6941611, -0.3863213, 0.4230319, -0.4358213, -0.3125664, 0.8777692, 0.4094128, -0.7060683, -0.03830034, -0.03829254, -0.7060696, 0, 0, 0, 0, 0, 0
8.178895, 0.03429469, 1.183268, 0.06285459, 0.6990059, -0.3832386, 0.4150062, -0.4385075, -0.3124901, 0.8775244, 0.4094074, -0.7060744, -0.03818371, -0.0381761, -0.7060763, 0, 0, 0, 0, 0, 0
8.205118, 0.02516341, 1.181867, 0.06789926, 0.7033566, -0.3800851, 0.4084674, -0.4404308, -0.3123834, 0.8774779, 0.4095044, -0.7060786, -0.03810938, -0.03810164, -0.7060801, 0, 0, 0, 0, 0, 0
8.230115, 0.005272418, 1.178679, 0.07759586, 0.7120469, -0.3723693, 0.3971208, -0.4434246, -0.3125763, 0.877552, 0.4095303, -0.7060816, -0.03805527, -0.03804752, -0.7060829, 0, 0, 0, 0, 0, 0
8.255081, -0.004370362, 1.176488, 0.08338447, 0.7167758, -0.3689659, 0.3920259, -0.4431844, -0.3126557, 0.8775878, 0.4094394, -0.7060887, -0.03792699, -0.03791938, -0.7060896, 0, 0, 0, 0, 0, 0
8.281653, -0.01459965, 1.175429, 0.08945441, 0.719539, -0.3667614, 0.3880457, -0.4440385, -0.3127376, 0.8776278, 0.4094601, -0.70609, -0.03789905, -0.03789102, -0.7060913, 0, 0, 0, 0, 0, 0
8.319307, -0.02476417, 1.175414, 0.09532647, 0.7217073, -0.3646687, 0.3832494, -0.4464025, -0.3127413, 0.8777609, 0.4094355, -0.7060958, -0.03778581, -0.03777805, -0.7060976, 0, 0, 0, 0, 0, 0
8.349402, -0.04476663, 1.17459, 0.1095971, 0.7245038, -0.3602861, 0.3772794, -0.4504981, -0.3127103, 0.877897, 0.4096078, -0.7061037, -0.0376448, -0.037637, -0.7061048, 0, 0, 0, 0, 0, 0
8.375876, -0.05479325, 1.17281, 0.1170752, 0.7269065, -0.3593116, 0.3735114, -0.4505455, -0.312689, 0.8779898, 0.4096867, -0.7061089, -0.03754535, -0.03753743, -0.7061102, 0, 0, 0, 0, 0, 0
8.40132, -0.06556669, 1.170237, 0.1241247, 0.7297662, -0.3582816, 0.369381, -0.450148, -0.3125661, 0.8778369, 0.4097166, -0.7061139, -0.03745066, -0.03744294, -0.7061152, 0, 0, 0, 0, 0, 0
8.427551, -0.07621495, 1.168181, 0.131951, 0.731441, -0.3581201, 0.3657636, -0.4505121, -0.3124382, 0.8778753, 0.4096211, -0.7061239, -0.03726218, -0.03725439, -0.7061252, 0, 0, 0, 0, 0, 0
8.453459, -0.09649631, 1.162767, 0.1480921, 0.7344806, -0.3586476, 0.3607998, -0.4491477, -0.3124311, 0.8775442, 0.4095604, -0.7061262, -0.03721884, -0.03721109, -0.7061275, 0, 0, 0, 0, 0, 0
8.479009, -0.1058285, 1.15887, 0.1560189, 0.7366201, -0.358693, 0.3592963, -0.4468067, -0.3124694, 0.8775299, 0.4095821, -0.7061315, -0.03711924, -0.03711135, -0.7061326, 0, 0, 0, 0, 0, 0
8.507805, -0.1058286, 1.15887, 0.1560187, 0.7366202, -0.358693, 0.3592961, -0.4468067, -0.3124689, 0.8775299, 0.4095836, -0.7061352, -0.03704472, -0.03703611, -0.7061369, 0, 0, 0, 0, 0, 0
8.533423, -0.1214194, 1.152966, 0.1657107, 0.7407105, -0.356373, 0.3579817, -0.4429393, -0.3125787, 0.8776419, 0.4096227, -0.7061386, -0.03698257, -0.03697437, -0.70614, 0, 0, 0, 0, 0, 0
8.561412, -0.1358784, 1.144127, 0.1747802, 0.7451216, -0.3511809, 0.3581142, -0.439568, -0.3125008, 0.8774734, 0.4094585, -0.7061445, -0.03687043, -0.0368625, -0.7061456, 0, 0, 0, 0, 0, 0
8.589388, -0.1462717, 1.135195, 0.1873586, 0.749179, -0.3549103, 0.3561204, -0.4312166, -0.3125206, 0.8773713, 0.4093373, -0.7061506, -0.03675242, -0.03674458, -0.706152, 0, 0, 0, 0, 0, 0
8.622275, -0.1566814, 1.126422, 0.199156, 0.751789, -0.3576399, 0.353296, -0.4267187, -0.3126057, 0.8775976, 0.4095486, -0.7061539, -0.03669158, -0.03668363, -0.7061549, 0, 0, 0, 0, 0, 0
8.655847, -0.1655147, 1.118263, 0.2093717, 0.7554314, -0.3597443, 0.3509826, -0.4203791, -0.312513, 0.8777297, 0.4096632, -0.7061616, -0.03653756, -0.0365296, -0.7061632, 0, 0, 0, 0, 0, 0
8.692556, -0.1746134, 1.110625, 0.2188634, 0.7572871, -0.3603156, 0.3510901, -0.4164428, -0.3125551, 0.8776372, 0.4097505, -0.7061658, -0.03646082, -0.03645286, -0.7061669, 0, 0, 0, 0, 0, 0
8.722487, -0.181348, 1.102332, 0.2278747, 0.759367, -0.3607746, 0.3526155, -0.4109329, -0.3126192, 0.8776498, 0.4097702, -0.7061696, -0.03638047, -0.03637259, -0.7061715, 0, 0, 0, 0, 0, 0
8.755919, -0.186119, 1.093491, 0.2380331, 0.7590175, -0.3580154, 0.3582064, -0.4091522, -0.3125955, 0.8776293, 0.4096921, -0.7061759, -0.03626493, -0.0362573, -0.7061771, 0, 0, 0, 0, 0, 0
8.790394, -0.1930283, 1.088069, 0.2473475, 0.7581226, -0.3542951, 0.3628776, -0.409933, -0.3125104, 0.8775594, 0.4096121, -0.7061867, -0.03605177, -0.03604393, -0.706188, 0, 0, 0, 0, 0, 0
8.823764, -0.1973601, 1.080959, 0.2565026, 0.7618431, -0.3538218, 0.3616726, -0.4044725, -0.3125232, 0.8773646, 0.4091699, -0.7061886, -0.03601101, -0.03600305, -0.7061903, 0, 0, 0, 0, 0, 0
8.858667, -0.2014868, 1.069395, 0.2642691, 0.7682874, -0.3521048, 0.3595673, -0.3955605, -0.3126038, 0.8775911, 0.4097646, -0.7061948, -0.0358953, -0.03588733, -0.7061959, 0, 0, 0, 0, 0, 0
8.888927, -0.2059774, 1.061776, 0.2707821, 0.7720037, -0.348577, 0.3587041, -0.3922191, -0.31261, 0.8775444, 0.4096071, -0.7062009, -0.03577377, -0.03576584, -0.7062021, 0, 0, 0, 0, 0, 0
8.921929, -0.2098553, 1.056083, 0.2778657, 0.77324, -0.3461275, 0.3579747, -0.3926193, -0.3124263, 0.8775313, 0.4096501, -0.7062051, -0.03569027, -0.03568227, -0.7062063, 0, 0, 0, 0, 0, 0
8.956244, -0.2126443, 1.048409, 0.2873036, 0.7752898, -0.3445393, 0.3579088, -0.3900253, -0.3125318, 0.8776326, 0.4098744, -0.706212, -0.03555406, -0.03554605, -0.7062132, 0, 0, 0, 0, 0, 0
8.990306, -0.2159927, 1.039613, 0.294004, 0.7802244, -0.3442323, 0.3524799, -0.3853723, -0.312505, 0.8776042, 0.4098318, -0.7062161, -0.03547353, -0.0354656, -0.7062172, 0, 0, 0, 0, 0, 0
9.025399, -0.2179882, 1.034756, 0.3018195, 0.7807704, -0.3449395, 0.3506044, -0.385345, -0.3125028, 0.8774815, 0.4096975, -0.7062185, -0.03542417, -0.03541626, -0.7062197, 0, 0, 0, 0, 0, 0
9.05516, -0.2214822, 1.029983, 0.3069766, 0.780183, -0.3411503, 0.3519081, -0.388705, -0.312697, 0.877516, 0.4094557, -0.7062204, -0.03538108, -0.03537291, -0.7062221, 0, 0, 0, 0, 0, 0
9.08901, -0.2244294, 1.026645, 0.3121239, 0.7797141, -0.3380134, 0.3537849, -0.3906776, -0.3126354, 0.8777518, 0.4094169, -0.7062268, -0.03525767, -0.03524972, -0.7062281, 0, 0, 0, 0, 0, 0
9.122272, -0.2282154, 1.024853, 0.3167412, 0.7786617, -0.3367845, 0.3533651, -0.394202, -0.3126062, 0.8776917, 0.4098995, -0.706237, -0.03505544, -0.03504723, -0.7062382, 0, 0, 0, 0, 0, 0
9.155504, -0.2303764, 1.017372, 0.319737, 0.7821933, -0.334306, 0.3527713, -0.3898275, -0.3126675, 0.8778338, 0.4098724, -0.7062383, -0.03502512, -0.03501681, -0.7062398, 0, 0, 0, 0, 0, 0
9.19161, -0.2332552, 1.009545, 0.3203027, 0.7876264, -0.3300216, 0.3493418, -0.3856043, -0.3125553, 0.8777114, 0.4096573, -0.7062404, -0.03498437, -0.0349763, -0.7062417, 0, 0, 0, 0, 0, 0
9.223792, -0.2352436, 1.005879, 0.3213183, 0.7884287, -0.3245576, 0.3501693, -0.3878454, -0.3125006, 0.8774002, 0.4095182, -0.7062466, -0.03485879, -0.03485087, -0.7062479, 0, 0, 0, 0, 0, 0
9.249148, -0.2369507, 1.003596, 0.3239552, 0.7862855, -0.318786, 0.3559337, -0.3917167, -0.3124596, 0.8776522, 0.4095578, -0.7062507, -0.03477366, -0.03476564, -0.7062522, 0, 0, 0, 0, 0, 0
9.273758, -0.2375765, 0.9997144, 0.3246695, 0.78705, -0.3143724, 0.3586059, -0.3913108, -0.3126043, 0.877708, 0.4096368, -0.7062546, -0.03469543, -0.0346874, -0.706256, 0, 0, 0, 0, 0, 0
9.298926, -0.2396475, 0.9967462, 0.3244848, 0.7881111, -0.312247, 0.3581613, -0.3912839, -0.3125917, 0.8778462, 0.4096988, -0.7062602, -0.03458592, -0.03457808, -0.706261, 0, 0, 0, 0, 0, 0
9.324982, -0.2400275, 0.9929767, 0.3246586, 0.7911412, -0.3131867, 0.3542311, -0.387982, -0.3125582, 0.8778274, 0.409949, -0.7062656, -0.03447414, -0.03446629, -0.7062668, 0, 0, 0, 0, 0, 0
9.352755, -0.2415784, 0.9808181, 0.3267679, 0.7959483, -0.3111096, 0.3506777, -0.3830173, -0.312557, 0.8776181, 0.4098561, -0.7062684, -0.03441415, -0.03440633, -0.7062698, 0, 0, 0, 0, 0, 0
9.378097, -0.2449235, 0.9778005, 0.3270174, 0.795773, -0.3107659, 0.3505681, -0.3837603, -0.3126997, 0.8775818, 0.4099039, -0.7062706, -0.03436429, -0.03435623, -0.7062724, 0, 0, 0, 48.92467, 41.72927, 0
9.405354, -0.246731, 0.9754401, 0.3263115, 0.797297, -0.3098862, 0.3480903, -0.3835638, -0.3126587, 0.8776379, 0.4098035, -0.7062711, -0.03435933, -0.03435147, -0.7062725, 0, 0, 0, 0, 61.44489, 0
9.430829, -0.2489047, 0.9724596, 0.3252769, 0.7986257, -0.3070754, 0.3472982, -0.383778, -0.3125431, 0.8776655, 0.409872, -0.7062812, -0.03414819, -0.03414023, -0.7062827, 0, 0, 0, 0, 0, 0
9.455832, -0.2491678, 0.9694036, 0.3256961, 0.7985555, -0.3056099, 0.3495269, -0.3830703, -0.3125806, 0.8775117, 0.4097698, -0.7062894, -0.0339776, -0.03396984, -0.706291, 0, 0, 0, 0, 0, 0
9.48284, -0.2507929, 0.9616144, 0.3255308, 0.8041092, -0.3043789, 0.3453784, -0.3761327, -0.3125555, 0.8776581, 0.4097513, -0.7062943, -0.03387781, -0.03386981, -0.7062957, 0, 0, 0, 0, 0, 0
9.517302, -0.2519034, 0.9585846, 0.3251035, 0.8054705, -0.3027881, 0.3452443, -0.3746239, -0.3125237, 0.8776872, 0.4097485, -0.7063015, -0.03372834, -0.03372043, -0.7063029, 0, 0, 0, 0, 0, 0
9.544473, -0.2539767, 0.9588312, 0.3248428, 0.803755, -0.3012247, 0.3471239, -0.3778182, -0.3126027, 0.8775401, 0.4097942, -0.7063081, -0.033584, -0.0335758, -0.7063099, 0, 0, 0, 0, 0, 0
9.570541, -0.2531229, 0.9629886, 0.3240592, 0.8021882, -0.301856, 0.3479728, -0.379858, -0.3126379, 0.8775442, 0.4097852, -0.7063101, -0.0335453, -0.03353738, -0.7063117, 0, 0, 0, 0, 0, 0
9.595718, -0.2536143, 0.9612836, 0.3234385, 0.8025486, -0.2995149, 0.3497045, -0.379359, -0.3125354, 0.8774457, 0.4096303, -0.7063166, -0.03341052, -0.03340257, -0.706318, 0, 0, 0, 0, 0, 0
9.620842, -0.2551916, 0.95994, 0.3224951, 0.803596, -0.2986751, 0.3482645, -0.3791285, -0.3132399, 0.8776272, 0.409165, -0.7004893, -0.0523777, -0.05395937, -0.7096899, 0, 0, 0, 0, 0, 0
9.646783, -0.2529247, 0.9595593, 0.322299, 0.8059357, -0.2981493, 0.3455282, -0.3770742, -0.3126868, 0.8775685, 0.4089598, -0.7037346, -0.05199931, -0.05699492, -0.7062616, 0, 0, 0, 0, 0, 0
9.675417, -0.2532941, 0.957958, 0.3223496, 0.8062991, -0.2968012, 0.3464654, -0.3765003, -0.3125414, 0.8774533, 0.4090537, -0.7057, -0.05126433, -0.05623908, -0.7044123, 0, 0, 0, 0, 0, 0
9.700331, -0.2531968, 0.9576799, 0.3224962, 0.805496, -0.2961578, 0.3480998, -0.377218, -0.312691, 0.8777397, 0.4092113, -0.7051921, -0.0541868, -0.05614035, -0.7047101, 0, 0, 0, 0, 0, 0
9.72661, -0.2535412, 0.9580922, 0.3227994, 0.8043082, -0.2967741, 0.348243, -0.379131, -0.3128084, 0.8777997, 0.4093336, -0.7046641, -0.05638954, -0.0562253, -0.7050585, 0, 0, 0, 0, 0, 0
9.751456, -0.2536497, 0.9553989, 0.3224877, 0.8049968, -0.2946579, 0.3487988, -0.378809, -0.3130986, 0.8776782, 0.4086968, -0.7022046, -0.04603017, -0.05661109, -0.7082267, 0, 0, 0, 0, 0, 0
9.776812, -0.2541215, 0.9515047, 0.3228715, 0.8056287, -0.2940188, 0.3494017, -0.3774043, -0.3136491, 0.8777069, 0.4078345, -0.6984299, -0.02715558, -0.05799555, -0.7128077, 0, 0, 0, 0, 0, 0
9.802649, -0.2543422, 0.9487689, 0.322693, 0.8076155, -0.2948407, 0.347032, -0.3746934, -0.313522, 0.8776415, 0.407594, -0.7022447, -0.01240417, -0.05677948, -0.7095594, 0, 0, 0, 0, 0, 0
9.831462, -0.254393, 0.9464183, 0.3227699, 0.8091154, -0.2943769, 0.345863, -0.3728986, -0.3134855, 0.8776959, 0.4068253, -0.7023453, 0.011434, -0.05477689, -0.7096336, 0, 0, 0, 52.41571, 0, 0
9.858316, -0.2547763, 0.9453189, 0.3227336, 0.8093013, -0.293769, 0.3462329, -0.372631, -0.3133547, 0.8773965, 0.4049938, -0.7018045, 0.05467427, -0.05508669, -0.7081291, 0, 0, 0, 222.8096, 0, 0
9.884785, -0.255825, 0.9441466, 0.3231708, 0.8090347, -0.2931539, 0.3463759, -0.3735604, -0.3132457, 0.8773442, 0.4036978, -0.7012053, 0.07731914, -0.07073228, -0.7052162, 0, 0, 0, 85.73212, 0, 0
9.909872, -0.2561154, 0.9427112, 0.322531, 0.8111165, -0.2913635, 0.3444106, -0.3722617, -0.3145866, 0.8774661, 0.4036139, -0.6885334, 0.08041218, -0.07336204, -0.7169893, 0, 0, 0, 103.9493, 0, 0
9.935634, -0.2560349, 0.9426753, 0.3225698, 0.8111033, -0.2914129, 0.3444431, -0.3722217, -0.3146762, 0.8774422, 0.4036225, -0.6874044, 0.07985103, -0.07498471, -0.7179667, 0, 0, 0, 178.3585, 0, 0
9.961452, -0.2571687, 0.9415885, 0.322121, 0.8106395, -0.2903626, 0.3452363, -0.3733163, -0.3152327, 0.8775367, 0.4034077, -0.6766791, 0.08381956, -0.07358605, -0.7277808, 0, 0, 0, 201.7563, 0, 0
9.991601, -0.2582581, 0.9393336, 0.323323, 0.8105568, -0.2905383, 0.3454544, -0.3731574, -0.3164881, 0.8776487, 0.4034927, -0.659885, 0.08557792, -0.07044324, -0.743146, 0, 0, 0, 132.5767, 0, 0
10.02195, -0.2577327, 0.939963, 0.3232987, 0.8099778, -0.2893727, 0.3472694, -0.3736355, -0.316538, 0.8777421, 0.4037309, -0.6623314, 0.07434534, -0.07941882, -0.741271, 0, 0, 0, 200.867, 0, 0
10.0553, -0.2582089, 0.9407535, 0.3241168, 0.8086655, -0.2898088, 0.3482472, -0.3752266, -0.3163124, 0.8776948, 0.4034722, -0.6643926, 0.07514744, -0.07922817, -0.7393636, 0, 0, 0, 200.0641, 0, 0
10.09022, -0.2579127, 0.9426166, 0.3242238, 0.8083568, -0.2887169, 0.3488352, -0.376186, -0.3161475, 0.8776676, 0.403495, -0.6651146, 0.07627856, -0.07844891, -0.7386813, 0, 0, 0, 165.099, 0, 0
10.12256, -0.2582284, 0.9414684, 0.3256143, 0.8072346, -0.2889275, 0.3508418, -0.3765675, -0.3160512, 0.877667, 0.4034273, -0.6661552, 0.07645222, -0.07833635, -0.737737, 0, 0, 0, 0, 0, 0
10.15827, -0.2586216, 0.94111, 0.3258647, 0.8080422, -0.2893402, 0.3490433, -0.37619, -0.3159899, 0.8775706, 0.4035742, -0.6673139, 0.07647478, -0.07824188, -0.7366967, 0, 0, 0, 0, 0, 0
10.18801, -0.2593732, 0.94222, 0.3259763, 0.8082435, -0.2886303, 0.3480162, -0.3772532, -0.3162283, 0.8773549, 0.4035764, -0.6619341, 0.07890079, -0.07683422, -0.7414273, 0, 0, 0, 0, 0, 0
10.22141, -0.2600938, 0.9436496, 0.3258553, 0.8066931, -0.2875801, 0.3501208, -0.37942, -0.3175391, 0.87761, 0.4035188, -0.6429014, 0.08551383, -0.06985551, -0.7579482, 0, 0, 0, 0, 0, 0
10.25494, -0.2595798, 0.9447334, 0.3259286, 0.807235, -0.2883408, 0.3487694, -0.3789341, -0.3180936, 0.8775677, 0.4034838, -0.6318813, 0.07904257, -0.074535, -0.767413, 0, 0, 0, 0, 0, 0
10.28866, -0.2593367, 0.9451396, 0.3248336, 0.8080984, -0.2878491, 0.3480922, -0.3780896, -0.3212384, 0.8775848, 0.403775, -0.6004672, 0.06984199, -0.0782185, -0.7927441, 0, 0, 0, 0, 0, 0
10.32592, -0.259961, 0.9465163, 0.3253469, 0.8069871, -0.2881205, 0.3486304, -0.3797571, -0.3271866, 0.8765721, 0.4035022, -0.529847, 0.05929659, -0.08960425, -0.8412593, 0, 0, 0, 0, 0, 0
10.35825, -0.2596333, 0.9470366, 0.3256551, 0.8059261, -0.286375, 0.3512047, -0.3809565, -0.3347446, 0.8731242, 0.403649, -0.4281684, 0.1065002, -0.03573982, -0.8966896, 0, 0, 0, 0, 0, 0
10.3937, -0.2596484, 0.9481099, 0.3253176, 0.8056839, -0.2869403, 0.3511897, -0.3810571, -0.3437234, 0.866573, 0.4023936, -0.2963642, 0.1048116, -0.06294083, -0.9472178, 0, 0, 0, 90.95699, 0, 0
10.42165, -0.2549672, 0.954095, 0.3233653, 0.8058254, -0.2864484, 0.3515148, -0.3808285, -0.352308, 0.8545149, 0.401456, -0.1141639, 0.1269392, -0.04713006, -0.984191, 0, 0, 117.7433, 83.80975, 0, 0
10.45496, -0.2531106, 0.9560314, 0.324457, 0.8029941, -0.2872021, 0.3550385, -0.3829663, -0.3585972, 0.8389047, 0.4005723, 0.08941918, 0.1293656, -0.1000616, -0.9824746, 0, 0, 48.4733, 0, 0, 0
10.49204, -0.2526491, 0.9573048, 0.3246551, 0.8020698, -0.2878789, 0.3555575, -0.3839125, -0.3624443, 0.8210597, 0.4006178, 0.2794995, 0.1331385, -0.1334343, -0.9414613, 0, 0, 41.34954, 0, 0, 0
10.5231, -0.2528072, 0.9557797, 0.3247367, 0.8021857, -0.2878602, 0.3566675, -0.3826528, -0.3660611, 0.806392, 0.4006197, 0.4336931, 0.1491535, -0.1645463, -0.8732629, 0, 0, 31.49998, 0, 0, 0
10.55477, -0.2531827, 0.9558329, 0.3241583, 0.8021139, -0.2880233, 0.3569629, -0.382405, -0.3695917, 0.7817135, 0.4006392, 0.5289487, 0.1607592, -0.1884306, -0.8117042, 0, 0, 45.95005, 14.47969, 0, 0
10.58041, -0.2541144, 0.9546219, 0.3236971, 0.8024948, -0.2883174, 0.3562621, -0.3820376, -0.3719739, 0.7591659, 0.4004564, 0.5884793, 0.1671957, -0.2028868, -0.7645748, 0, 0, 41.29671, 0, 0, 0
10.60496, -0.2512559, 0.9573958, 0.3227227, 0.8018296, -0.2878157, 0.3581721, -0.3820267, -0.3745115, 0.7318395, 0.4005087, 0.6444039, 0.1726452, -0.2161243, -0.7129009, 0, 0, 47.34616, 0, 27.66448, 0
10.6316, -0.2512297, 0.9569147, 0.3222347, 0.8022863, -0.2875859, 0.3580725, -0.3813338, -0.3769254, 0.6999595, 0.400516, 0.6964134, 0.1770233, -0.2280284, -0.6570193, 0, 0, 22.43637, 0, 19.6042, 0
10.65531, -0.2508247, 0.9561207, 0.322018, 0.80331, -0.288007, 0.3572754, -0.379604, -0.3805742, 0.6426376, 0.4005398, 0.7663869, 0.1817171, -0.2433929, -0.5660298, 0, 0, 23.34732, 0, 12.33421, 0
10.68094, -0.2509223, 0.9563048, 0.3218239, 0.8026552, -0.288054, 0.3583197, -0.3799691, -0.3830499, 0.5983451, 0.400525, 0.8073645, 0.1833651, -0.2516792, -0.5011963, 0, 0, 28.69547, 0, 6.96257, 0
10.7053, -0.2502697, 0.9581054, 0.3222209, 0.7996212, -0.2885209, 0.3622235, -0.3823032, -0.3854495, 0.5492265, 0.4002546, 0.8434327, 0.1840621, -0.2586509, -0.4334076, 0, 0, 26.16528, 0, 6.256091, 0
10.73187, -0.2489557, 0.9584164, 0.3219655, 0.7998925, -0.2880965, 0.3626489, -0.3816518, -0.3880474, 0.4954543, 0.4003207, 0.8744978, 0.1835862, -0.2639512, -0.3631523, 0, 0, 16.33013, 0, 18.12345, 0
10.75607, -0.2490458, 0.9577134, 0.3211431, 0.8010187, -0.2880216, 0.3615067, -0.3804282, -0.3914889, 0.4054067, 0.4004102, 0.9112325, 0.1809183, -0.2690999, -0.2539864, 0, 0, 13.54459, 0, 14.02919, 0
10.78463, -0.246835, 0.9586552, 0.3205182, 0.8012496, -0.2878175, 0.3616691, -0.3799417, -0.394033, 0.3392286, 0.4004737, 0.9290487, 0.177737, -0.2703699, -0.179383, 0, 0, 12.68248, 139.1329, 1.965997, 0
10.80808, -0.2469, 0.9580464, 0.3205873, 0.8009548, -0.2884548, 0.361879, -0.3798803, -0.3965626, 0.2682331, 0.4003215, 0.9413431, 0.1735435, -0.2701564, -0.1037845, 0, 0, 1.457859, 0, 0, 0
